full_name,age,gender,employment_status,annual_income,loan_amount,loan_duration_months,existing_debt,credit_history_years,previous_payment_history,number_of_existing_loans,number_of_credit_accounts,employment_years,debt_to_income_ratio,risk_level
Applicant 1,58,Female,Business,2051729.31,3365946.89,60,883158.8,15,Excellent,3,4,22,43.04,Low Risk
Applicant 2,48,Male,Self-Employed,1418735.7,1192422.78,36,586985.54,27,Average,4,7,15,41.37,Medium Risk
Applicant 3,34,Male,Self-Employed,305704.95,660890.87,48,21741.88,10,Poor,0,9,16,7.11,Medium Risk
Applicant 4,62,Male,Employed,1168415.58,2728579.95,120,295068.82,7,Poor,0,5,7,25.25,High Risk
Applicant 5,27,Male,Employed,2347776.05,5849991.33,84,1381589.93,2,Excellent,1,4,9,58.85,Medium Risk
Applicant 6,40,Female,Employed,576593.39,1170955.67,36,162256.33,22,Average,2,9,15,28.14,Medium Risk
Applicant 7,58,Male,Employed,1921612.41,3715607.39,48,626580.11,6,Excellent,0,5,4,32.61,Low Risk
Applicant 8,38,Female,Self-Employed,1760617.31,1224776.5,84,969152.2,22,Excellent,4,9,15,55.05,Medium Risk
Applicant 9,42,Male,Self-Employed,330907.88,321912.56,120,147086.58,28,Average,4,8,6,44.45,High Risk
Applicant 10,30,Female,Employed,1800826.54,2288976.31,60,666555.36,6,Good,0,4,0,37.01,High Risk
Applicant 11,30,Male,Self-Employed,975638.92,1930571.28,60,476885.06,13,Excellent,4,7,8,48.88,Medium Risk
Applicant 12,43,Male,Employed,1574185.56,3627587.03,120,827079.37,1,Good,4,5,17,52.54,High Risk
Applicant 13,55,Female,Employed,487750.94,309731.57,120,146953.72,9,Excellent,1,4,2,30.13,Low Risk
Applicant 14,59,Other,Business,394615.29,916077.78,12,122847.53,18,Average,2,5,23,31.13,Medium Risk
Applicant 15,43,Female,Employed,1767106.65,3180680.11,48,463561.58,25,Good,1,5,25,26.23,Low Risk
Applicant 16,22,Female,Employed,2111280.75,3388125.67,48,1228107.47,8,Poor,2,9,4,58.17,High Risk
Applicant 17,41,Female,Employed,2020433.74,1332748.66,120,875739.71,15,Excellent,4,9,8,43.34,Low Risk
Applicant 18,21,Male,Employed,1496372.6,490372.64,24,143311.62,18,Good,2,6,3,9.58,Low Risk
Applicant 19,43,Female,Unemployed,37976.03,57247.7,24,19923.28,17,Good,4,4,25,52.46,High Risk
Applicant 20,63,Male,Self-Employed,1316468.89,2236004.07,84,413776.66,8,Good,4,2,22,31.43,Medium Risk
Applicant 21,49,Female,Student,110472.22,75651.08,84,9701.08,15,Excellent,1,3,16,8.78,Low Risk
Applicant 22,57,Female,Self-Employed,1662156.49,2459741.07,24,585651.68,12,Average,1,2,6,35.23,Medium Risk
Applicant 23,21,Female,Employed,2144183.79,4652739.08,120,599171.48,9,Average,3,5,3,27.94,High Risk
Applicant 24,40,Female,Employed,1860642.53,3945774.7,120,991279.96,24,Poor,0,6,19,53.28,High Risk
Applicant 25,52,Male,Self-Employed,1720711.23,4014276.33,84,279094.25,19,Average,3,5,23,16.22,Medium Risk
Applicant 26,31,Female,Employed,369128.01,384460.61,36,186245.58,13,Average,3,2,4,50.46,High Risk
Applicant 27,41,Male,Business,1919640.94,1788172.44,120,684791.17,11,Good,2,5,5,35.67,Low Risk
Applicant 28,63,Female,Business,1026534.11,1974722.95,24,82159.34,24,Average,4,9,27,8.0,Medium Risk
Applicant 29,44,Female,Employed,2293344.95,2732654.74,48,1340494.33,18,Excellent,4,4,4,58.45,Medium Risk
Applicant 30,68,Male,Unemployed,68001.54,27293.23,120,22572.32,6,Good,4,2,1,33.19,High Risk
Applicant 31,46,Female,Business,1894684.3,1611320.24,120,397850.11,22,Excellent,0,3,20,21.0,Low Risk
Applicant 32,61,Female,Self-Employed,1610352.88,1872420.51,36,496268.51,14,Good,2,3,17,30.82,Low Risk
Applicant 33,47,Female,Employed,391645.0,341822.97,84,204368.89,15,Excellent,2,9,11,52.18,Low Risk
Applicant 34,35,Female,Employed,1174824.68,1132616.53,120,255755.48,26,Poor,4,4,16,21.77,Medium Risk
Applicant 35,34,Male,Employed,1977079.87,1731298.36,60,308369.14,7,Excellent,3,1,14,15.6,Low Risk
Applicant 36,66,Female,Employed,1300821.56,384325.24,12,157385.34,9,Excellent,0,1,6,12.1,Low Risk
Applicant 37,63,Female,Employed,887955.79,1478728.59,24,189865.08,3,Good,3,7,13,21.38,Medium Risk
Applicant 38,22,Male,Business,783571.77,1233163.76,60,375351.6,18,Excellent,1,7,0,47.9,Medium Risk
Applicant 39,56,Female,Employed,589340.19,1003517.89,84,182338.61,18,Excellent,2,2,2,30.94,Low Risk
Applicant 40,26,Male,Self-Employed,1578550.82,1013923.34,48,276427.74,27,Excellent,2,9,8,17.51,Low Risk
Applicant 41,40,Male,Student,193838.85,170579.24,12,27409.15,20,Good,3,9,12,14.14,Low Risk
Applicant 42,28,Female,Business,468046.88,760630.77,60,109055.49,26,Good,0,5,10,23.3,Low Risk
Applicant 43,58,Female,Employed,1141676.71,1802871.25,12,647283.21,14,Average,2,3,16,56.7,Medium Risk
Applicant 44,37,Male,Business,1109014.03,1513315.86,24,264682.49,13,Average,3,3,16,23.87,Medium Risk
Applicant 45,23,Female,Employed,699826.22,703990.52,84,415324.64,0,Good,0,3,5,59.35,High Risk
Applicant 46,44,Male,Employed,1258116.78,2893343.13,120,398667.96,15,Excellent,3,6,19,31.69,Low Risk
Applicant 47,33,Male,Self-Employed,764754.02,750584.32,48,113596.68,9,Excellent,0,4,9,14.85,Low Risk
Applicant 48,69,Male,Employed,1051968.15,1312776.36,84,568196.45,18,Average,4,8,28,54.01,High Risk
Applicant 49,28,Male,Employed,1925858.43,3388859.53,12,583911.52,29,Excellent,0,5,10,30.32,Low Risk
Applicant 50,45,Male,Self-Employed,596058.25,863658.18,60,262455.91,21,Excellent,1,1,16,44.03,Low Risk
Applicant 51,21,Female,Employed,1712091.91,1708389.93,24,1011917.15,2,Average,4,9,3,59.1,High Risk
Applicant 52,39,Female,Employed,1555429.17,1869599.45,24,120695.77,4,Good,3,1,21,7.76,Low Risk
Applicant 53,47,Male,Employed,1549803.53,3141925.81,84,159911.84,8,Excellent,4,6,25,10.32,Medium Risk
Applicant 54,66,Female,Business,1758616.16,1476704.82,120,784784.59,17,Excellent,4,1,27,44.63,Low Risk
Applicant 55,26,Female,Self-Employed,1099992.16,579901.62,60,225502.52,10,Poor,3,3,8,20.5,High Risk
Applicant 56,63,Male,Employed,2234361.25,2056227.61,120,338205.81,15,Average,3,5,11,15.14,Medium Risk
Applicant 57,27,Female,Employed,1786276.2,3847511.57,120,127984.96,1,Average,1,7,9,7.16,Medium Risk
Applicant 58,66,Other,Employed,1503319.15,608357.7,60,93229.38,11,Good,3,8,1,6.2,Low Risk
Applicant 59,54,Male,Employed,2125478.86,5273102.56,12,1011657.97,21,Good,2,9,33,47.6,Medium Risk
Applicant 60,33,Male,Business,1633522.44,2359307.35,84,202456.13,5,Poor,2,6,15,12.39,Medium Risk
Applicant 61,36,Female,Employed,940517.35,2318511.84,84,288970.51,10,Poor,1,9,18,30.72,High Risk
Applicant 62,55,Female,Employed,755608.82,1783003.91,36,289581.98,26,Excellent,0,8,34,38.32,Low Risk
Applicant 63,69,Male,Self-Employed,486108.07,603489.34,84,138829.3,7,Average,0,9,10,28.56,Medium Risk
Applicant 64,59,Female,Self-Employed,1644155.58,1079436.59,24,106719.93,11,Excellent,2,4,32,6.49,Low Risk
Applicant 65,23,Female,Self-Employed,1350709.92,782378.44,12,649591.28,28,Excellent,3,9,5,48.09,Low Risk
Applicant 66,21,Female,Employed,2362232.56,1776341.1,60,131770.7,26,Good,1,7,3,5.58,Low Risk
Applicant 67,25,Female,Employed,1627241.97,2983230.96,84,763240.67,29,Good,0,5,7,46.9,Low Risk
Applicant 68,61,Female,Employed,1341481.94,1110458.61,12,726167.61,1,Poor,0,5,8,54.13,High Risk
Applicant 69,23,Male,Employed,431376.28,425025.61,84,124263.1,8,Excellent,4,1,2,28.81,Low Risk
Applicant 70,48,Male,Self-Employed,1291045.54,1590815.02,60,444827.62,14,Good,2,2,28,34.45,Low Risk
Applicant 71,37,Female,Business,1580859.27,3636664.26,48,493766.95,1,Poor,3,3,18,31.23,High Risk
Applicant 72,45,Female,Self-Employed,1784823.79,1134442.68,60,471309.03,28,Poor,1,8,27,26.41,Medium Risk
Applicant 73,63,Male,Business,826149.31,174781.03,60,444537.31,0,Excellent,0,6,6,53.81,Medium Risk
Applicant 74,53,Female,Employed,1467622.18,496381.73,60,794957.27,9,Good,4,5,27,54.17,Medium Risk
Applicant 75,29,Female,Self-Employed,1258983.87,2871695.1,84,295482.26,1,Good,2,1,11,23.47,Medium Risk
Applicant 76,55,Male,Employed,1718100.58,2902366.47,36,667118.46,11,Excellent,2,9,4,38.83,Low Risk
Applicant 77,33,Female,Employed,1534845.79,1270842.22,60,859205.38,22,Poor,1,3,15,55.98,High Risk
Applicant 78,50,Female,Employed,2009241.62,1220700.18,24,1163616.47,7,Poor,0,3,21,57.91,High Risk
Applicant 79,67,Female,Employed,750958.66,658450.69,24,247761.89,4,Excellent,1,2,25,32.99,Low Risk
Applicant 80,34,Female,Employed,1896379.84,879982.7,12,567119.3,21,Excellent,1,4,11,29.91,Low Risk
Applicant 81,27,Male,Unemployed,131552.22,311190.16,36,26742.18,27,Excellent,4,2,9,20.33,High Risk
Applicant 82,33,Female,Employed,2271365.25,4551075.95,12,1311439.8,0,Poor,2,9,0,57.74,High Risk
Applicant 83,42,Male,Employed,2163827.77,2733995.75,24,278155.45,14,Excellent,3,7,2,12.85,Low Risk
Applicant 84,59,Male,Employed,993323.49,2174796.35,120,366443.26,5,Good,2,8,26,36.89,Medium Risk
Applicant 85,40,Female,Business,907722.11,702353.5,24,186448.52,11,Good,2,3,17,20.54,Low Risk
Applicant 86,35,Male,Self-Employed,1771562.65,3276287.76,48,360432.5,7,Good,4,6,17,20.35,Medium Risk
Applicant 87,64,Male,Self-Employed,1067261.03,2315000.97,60,291077.01,12,Excellent,3,6,1,27.27,Medium Risk
Applicant 88,37,Female,Employed,2294126.12,2341311.79,120,1374952.64,18,Excellent,0,1,4,59.93,Low Risk
Applicant 89,66,Male,Self-Employed,504015.59,978883.06,24,40437.91,26,Poor,3,6,28,8.02,Medium Risk
Applicant 90,43,Male,Employed,1714201.61,1506211.36,84,631165.6,0,Poor,0,3,25,36.82,High Risk
Applicant 91,45,Female,Business,2081692.41,1847234.33,84,198624.03,10,Average,3,3,19,9.54,Low Risk
Applicant 92,44,Female,Self-Employed,1718462.64,766832.18,12,231969.18,19,Excellent,1,3,26,13.5,Low Risk
Applicant 93,64,Male,Employed,1042148.31,1263222.89,120,304056.79,0,Excellent,3,8,4,29.18,Medium Risk
Applicant 94,60,Female,Employed,1894958.57,3559371.52,12,626763.37,29,Good,4,5,20,33.08,Low Risk
Applicant 95,48,Male,Employed,1485388.62,3509242.28,60,285693.45,7,Excellent,0,4,14,19.23,Low Risk
Applicant 96,34,Female,Employed,433383.64,688530.93,60,97100.22,4,Poor,2,9,16,22.41,High Risk
Applicant 97,64,Female,Employed,1817999.42,3972713.67,48,177858.27,16,Good,4,9,7,9.78,Low Risk
Applicant 98,20,Other,Self-Employed,1319649.67,2760360.96,36,286061.62,29,Excellent,0,1,2,21.68,Low Risk
Applicant 99,44,Female,Employed,2347334.97,1405323.68,12,1365226.78,7,Poor,0,2,11,58.16,High Risk
Applicant 100,26,Female,Employed,1394087.38,1836542.95,60,794056.92,24,Poor,2,8,8,56.96,High Risk
Applicant 101,28,Female,Employed,806552.03,378211.71,12,188880.82,9,Excellent,1,5,10,23.42,Low Risk
Applicant 102,43,Male,Employed,398040.41,704114.49,60,144874.63,1,Good,4,7,25,36.4,Medium Risk
Applicant 103,20,Male,Business,1214412.81,2896094.31,24,668264.0,8,Excellent,2,1,2,55.03,High Risk
Applicant 104,63,Female,Employed,964216.74,496866.43,12,51490.24,23,Good,2,5,32,5.34,Low Risk
Applicant 105,27,Male,Self-Employed,1429686.87,2699150.45,24,708947.35,22,Excellent,1,3,9,49.59,Low Risk
Applicant 106,43,Female,Business,1079389.08,1785469.01,12,616982.31,2,Good,4,2,25,57.16,High Risk
Applicant 107,30,Male,Self-Employed,1721060.35,2654376.9,36,172500.42,17,Poor,2,2,0,10.02,High Risk
Applicant 108,36,Female,Business,2417082.45,2652207.87,48,335481.93,6,Good,1,9,14,13.88,Low Risk
Applicant 109,27,Male,Employed,1665998.9,1693992.33,84,963631.2,14,Excellent,4,4,0,57.84,Medium Risk
Applicant 110,54,Male,Unemployed,187158.85,56909.98,84,64690.91,20,Good,3,4,10,34.56,High Risk
Applicant 111,54,Female,Employed,1973879.56,1384064.67,84,114106.32,21,Excellent,0,7,1,5.78,Low Risk
Applicant 112,52,Female,Employed,1503091.21,353086.39,24,288138.98,19,Average,1,2,0,19.17,Medium Risk
Applicant 113,24,Female,Self-Employed,529477.3,813943.93,120,157503.09,17,Good,0,3,6,29.75,Low Risk
Applicant 114,61,Male,Student,164649.49,73015.86,60,70980.38,24,Excellent,3,3,15,43.11,Low Risk
Applicant 115,58,Male,Business,1533923.82,3386818.82,84,695232.88,2,Excellent,2,6,21,45.32,Medium Risk
Applicant 116,60,Female,Employed,2200715.48,3088107.67,36,1314887.52,27,Average,2,3,17,59.75,High Risk
Applicant 117,47,Male,Employed,1358933.43,2458700.3,84,282836.39,29,Excellent,4,5,16,20.81,Low Risk
Applicant 118,26,Female,Student,274418.67,314201.5,12,94954.64,22,Average,1,4,8,34.6,Medium Risk
Applicant 119,28,Female,Employed,1783567.75,2656327.31,24,612348.66,13,Excellent,1,3,9,34.33,Low Risk
Applicant 120,27,Female,Business,601397.94,1424180.15,120,164244.72,23,Excellent,4,8,9,27.31,Low Risk
Applicant 121,31,Female,Business,2488959.01,971411.56,12,356018.31,1,Good,0,3,13,14.3,Low Risk
Applicant 122,53,Female,Employed,1459911.85,1144653.92,120,857845.82,13,Poor,2,6,15,58.76,High Risk
Applicant 123,52,Female,Employed,1162088.25,2317172.77,12,603500.84,21,Poor,2,7,5,51.93,High Risk
Applicant 124,67,Male,Employed,1750050.28,747438.73,12,567161.83,10,Excellent,1,7,2,32.41,Low Risk
Applicant 125,42,Male,Employed,539565.29,201808.5,48,205997.92,15,Good,1,2,20,38.18,Low Risk
Applicant 126,43,Male,Business,1700385.02,1754024.03,48,297556.46,7,Excellent,4,3,12,17.5,Low Risk
Applicant 127,56,Male,Employed,1396119.2,575181.99,60,487361.32,6,Good,3,4,17,34.91,Medium Risk
Applicant 128,54,Female,Business,1194682.95,1846598.04,24,516382.08,10,Good,0,7,23,43.22,Low Risk
Applicant 129,63,Female,Employed,2396644.05,1726621.65,36,798901.8,2,Poor,3,2,26,33.33,Medium Risk
Applicant 130,59,Male,Unemployed,114057.15,257781.17,36,67824.86,16,Poor,3,3,3,59.47,High Risk
Applicant 131,41,Male,Employed,782058.45,1565720.27,36,302060.62,13,Good,1,7,21,38.62,Medium Risk
Applicant 132,46,Male,Employed,1309719.65,2369704.54,12,332715.34,5,Good,1,7,23,25.4,Medium Risk
Applicant 133,54,Female,Employed,2322652.29,3760307.31,48,1102524.99,7,Average,1,3,9,47.47,High Risk
Applicant 134,20,Female,Self-Employed,522947.98,1143149.21,24,75176.06,21,Average,3,1,1,14.38,High Risk
Applicant 135,54,Male,Self-Employed,581633.41,414729.48,12,152087.65,4,Excellent,0,3,5,26.15,Low Risk
Applicant 136,56,Female,Business,328665.05,725741.84,120,79151.56,26,Excellent,1,5,17,24.08,Low Risk
Applicant 137,66,Female,Employed,331218.11,667680.16,48,95223.19,27,Good,2,7,16,28.75,Medium Risk
Applicant 138,33,Male,Employed,2124661.58,4080986.01,48,1019792.74,7,Excellent,0,4,15,48.0,Low Risk
Applicant 139,22,Female,Employed,1910669.74,2848594.7,84,604335.61,1,Excellent,2,1,4,31.63,Medium Risk
Applicant 140,20,Female,Employed,1081090.32,828506.08,84,526175.25,14,Excellent,0,6,2,48.67,Low Risk
Applicant 141,24,Male,Employed,1836284.55,2156092.25,24,674042.94,11,Good,1,2,6,36.71,Low Risk
Applicant 142,45,Male,Unemployed,91137.07,184571.93,120,21703.22,16,Excellent,4,3,12,23.81,Medium Risk
Applicant 143,33,Male,Unemployed,191521.42,52302.68,24,94896.62,0,Excellent,1,4,11,49.55,Medium Risk
Applicant 144,58,Male,Student,291763.17,583151.94,24,52826.44,14,Excellent,3,6,8,18.11,Medium Risk
Applicant 145,46,Female,Business,1164146.31,875627.44,12,201875.36,13,Average,3,6,3,17.34,Medium Risk
Applicant 146,28,Female,Employed,2179288.19,1159187.71,60,713665.9,19,Average,0,7,10,32.75,Low Risk
Applicant 147,34,Male,Employed,2000795.89,932597.04,24,387088.15,21,Good,3,5,16,19.35,Low Risk
Applicant 148,34,Male,Employed,981999.86,257946.84,84,54007.9,15,Good,1,7,4,5.5,Low Risk
Applicant 149,45,Male,Business,810487.62,1138126.36,60,329514.8,28,Poor,2,2,14,40.66,Medium Risk
Applicant 150,61,Male,Employed,1308116.23,918294.59,12,433119.38,8,Excellent,1,1,3,33.11,Low Risk
Applicant 151,32,Female,Employed,2018967.45,4998343.71,60,595665.65,0,Excellent,0,8,7,29.5,Medium Risk
Applicant 152,51,Male,Employed,2412369.13,3669706.87,36,1403595.2,27,Excellent,3,1,23,58.18,Medium Risk
Applicant 153,58,Male,Employed,1979873.95,1023864.33,120,720990.01,16,Excellent,2,2,27,36.42,Low Risk
Applicant 154,68,Male,Business,2181455.37,3892051.98,60,1145018.37,28,Good,4,6,26,52.49,Medium Risk
Applicant 155,51,Female,Business,1626741.47,3684260.68,24,206104.29,12,Poor,2,1,0,12.67,High Risk
Applicant 156,23,Male,Employed,2137897.23,4091748.96,12,776192.57,20,Good,2,3,5,36.31,Medium Risk
Applicant 157,49,Female,Unemployed,161195.75,60579.25,120,85012.83,25,Good,1,7,16,52.74,Medium Risk
Applicant 158,56,Male,Self-Employed,834327.59,1886025.56,24,309292.05,20,Poor,4,8,25,37.07,High Risk
Applicant 159,42,Female,Employed,1514378.66,3068188.09,120,673758.87,4,Excellent,0,4,23,44.49,Medium Risk
Applicant 160,58,Female,Employed,2070456.87,1167942.59,84,527187.93,9,Excellent,0,3,20,25.46,Low Risk
Applicant 161,64,Male,Employed,401324.82,128065.78,36,40472.5,5,Good,2,1,29,10.08,Low Risk
Applicant 162,34,Male,Employed,2077774.42,3078875.9,84,627166.16,23,Good,2,9,12,30.18,Low Risk
Applicant 163,62,Female,Unemployed,52019.86,29072.98,24,13887.41,18,Excellent,3,6,2,26.7,Medium Risk
Applicant 164,48,Female,Employed,1432303.96,3035853.02,24,754656.75,24,Good,4,6,30,52.69,Medium Risk
Applicant 165,55,Male,Business,2078205.97,2128435.61,24,382800.17,12,Good,2,9,34,18.42,Low Risk
Applicant 166,32,Male,Employed,858406.37,1974036.46,48,499338.27,0,Good,3,1,14,58.17,High Risk
Applicant 167,51,Female,Employed,840776.37,1262074.94,36,485107.76,19,Good,4,6,13,57.7,Medium Risk
Applicant 168,26,Female,Employed,1186081.68,735544.38,120,220845.33,24,Excellent,0,5,8,18.62,Low Risk
Applicant 169,41,Male,Employed,2268214.15,1181915.12,24,547611.71,14,Excellent,3,6,16,24.14,Low Risk
Applicant 170,47,Female,Employed,300974.12,459252.38,24,163295.21,13,Good,4,8,3,54.26,High Risk
Applicant 171,21,Male,Student,275345.77,537566.44,120,160152.73,7,Excellent,3,5,3,58.16,High Risk
Applicant 172,61,Female,Employed,638375.45,1275131.33,84,187613.12,9,Poor,2,2,1,29.39,High Risk
Applicant 173,64,Male,Self-Employed,1784633.88,1488816.59,84,404305.91,8,Good,1,2,14,22.65,Low Risk
Applicant 174,25,Male,Employed,2400663.38,1607886.42,24,814669.22,16,Excellent,0,5,1,33.94,Low Risk
Applicant 175,47,Male,Employed,1388285.42,331160.91,12,594565.25,8,Average,2,3,10,42.83,Medium Risk
Applicant 176,47,Female,Employed,1427984.55,2516334.47,48,286183.79,2,Good,2,3,22,20.04,Medium Risk
Applicant 177,63,Male,Self-Employed,996401.48,374753.57,84,453422.7,10,Excellent,4,8,9,45.51,Low Risk
Applicant 178,63,Male,Employed,1697976.02,1982812.79,12,133140.93,11,Average,3,7,2,7.84,Medium Risk
Applicant 179,39,Male,Employed,499587.74,791281.52,48,38524.2,9,Average,0,1,4,7.71,Medium Risk
Applicant 180,49,Female,Self-Employed,300557.82,707919.03,24,78883.88,24,Good,2,5,2,26.25,Medium Risk
Applicant 181,30,Female,Employed,426946.44,391571.76,36,104350.09,16,Excellent,4,9,12,24.44,Low Risk
Applicant 182,47,Male,Employed,1277603.77,989473.42,60,285669.99,16,Good,0,4,18,22.36,Low Risk
Applicant 183,44,Female,Employed,906205.47,1544689.17,60,290040.91,24,Average,3,1,26,32.01,Medium Risk
Applicant 184,58,Female,Student,205509.89,333799.39,24,46528.15,10,Excellent,2,8,23,22.64,Low Risk
Applicant 185,52,Female,Self-Employed,1788285.55,1723643.5,84,278510.91,29,Excellent,2,5,23,15.57,Low Risk
Applicant 186,20,Male,Employed,1149910.98,2684621.53,12,253219.89,21,Average,2,2,2,22.02,Medium Risk
Applicant 187,46,Male,Employed,1562450.76,3348618.46,36,915904.5,3,Excellent,0,1,9,58.62,Medium Risk
Applicant 188,32,Male,Unemployed,94808.7,67803.38,120,26177.86,6,Average,0,3,1,27.61,High Risk
Applicant 189,60,Male,Self-Employed,1563271.08,1172496.85,48,460527.2,20,Good,0,9,22,29.46,Low Risk
Applicant 190,22,Male,Employed,2284920.09,3149284.33,24,838793.58,25,Good,0,1,4,36.71,Low Risk
Applicant 191,58,Female,Business,2230182.35,4414012.22,36,1317675.19,13,Excellent,4,4,1,59.08,Medium Risk
Applicant 192,25,Male,Employed,2443618.93,736244.97,36,446890.75,6,Average,1,8,7,18.29,Low Risk
Applicant 193,27,Male,Employed,360542.21,647054.6,84,153124.14,23,Good,4,8,9,42.47,Medium Risk
Applicant 194,46,Female,Self-Employed,1551715.05,2623861.03,48,688638.08,7,Good,2,8,28,44.38,Medium Risk
Applicant 195,28,Male,Employed,1953898.78,1431043.71,36,750352.68,0,Good,4,8,6,38.4,Medium Risk
Applicant 196,56,Female,Unemployed,61164.99,108085.38,84,6038.09,23,Average,3,4,28,9.87,High Risk
Applicant 197,52,Female,Self-Employed,1732296.14,4092413.37,12,731513.58,21,Poor,0,8,22,42.23,High Risk
Applicant 198,61,Male,Self-Employed,479675.79,147551.84,84,40893.36,3,Good,3,9,32,8.53,Low Risk
Applicant 199,63,Female,Employed,1795009.84,1678692.71,12,678295.55,28,Good,3,7,7,37.79,Low Risk
Applicant 200,43,Female,Employed,794758.48,959914.42,12,363021.55,29,Poor,2,2,11,45.68,High Risk
Applicant 201,34,Female,Employed,1249037.43,2833190.14,120,207381.98,11,Good,0,9,9,16.6,Low Risk
Applicant 202,51,Male,Business,1882151.77,4542011.15,120,965340.78,23,Excellent,3,8,14,51.29,Medium Risk
Applicant 203,51,Male,Employed,1539314.21,1880218.53,36,102663.93,2,Excellent,2,5,23,6.67,Low Risk
Applicant 204,43,Female,Employed,1240504.03,2388051.32,84,637739.49,12,Average,0,3,25,51.41,High Risk
Applicant 205,60,Male,Self-Employed,755824.57,1075402.58,120,229151.63,19,Good,1,7,2,30.32,Medium Risk
Applicant 206,68,Male,Employed,2147251.24,3085386.92,12,364331.35,5,Good,2,2,1,16.97,Low Risk
Applicant 207,68,Male,Self-Employed,472912.24,397070.78,120,58441.54,10,Good,4,3,5,12.36,Low Risk
Applicant 208,31,Female,Employed,1246226.33,871111.41,48,715731.39,22,Excellent,0,9,13,57.43,Low Risk
Applicant 209,58,Male,Unemployed,182676.36,157542.34,36,16434.67,3,Good,3,4,8,9.0,High Risk
Applicant 210,21,Female,Employed,2160869.01,3197123.29,84,344661.59,19,Excellent,3,4,3,15.95,Low Risk
Applicant 211,22,Female,Employed,1182071.88,315680.48,84,285236.65,15,Good,4,3,2,24.13,Low Risk
Applicant 212,68,Female,Employed,1978838.4,4524955.49,60,773981.41,6,Good,4,5,23,39.11,High Risk
Applicant 213,56,Female,Employed,2110953.83,1180978.47,84,738075.16,21,Good,3,3,21,34.96,Low Risk
Applicant 214,68,Female,Business,2255552.33,1592879.98,36,268645.13,28,Average,0,9,13,11.91,Low Risk
Applicant 215,36,Female,Self-Employed,1093983.94,1522864.16,48,229025.97,10,Average,2,3,18,20.94,Low Risk
Applicant 216,68,Male,Self-Employed,566914.37,1039303.68,84,102789.21,23,Average,4,2,32,18.13,Medium Risk
Applicant 217,21,Female,Employed,861679.97,362057.95,60,144287.08,0,Excellent,4,5,3,16.74,Low Risk
Applicant 218,21,Male,Employed,950528.28,884654.58,36,262468.79,25,Excellent,4,6,3,27.61,Low Risk
Applicant 219,47,Male,Employed,1606365.46,3900177.58,12,702330.77,28,Good,1,1,18,43.72,Medium Risk
Applicant 220,42,Female,Self-Employed,300854.92,241703.48,24,51024.73,26,Poor,0,6,18,16.96,Low Risk
Applicant 221,56,Female,Business,1699293.43,1563376.01,24,427666.93,6,Average,0,3,5,25.17,Medium Risk
Applicant 222,51,Male,Employed,1101579.32,2339695.57,12,291923.57,11,Average,0,4,18,26.5,Medium Risk
Applicant 223,52,Female,Employed,949531.97,299570.87,120,557423.78,6,Excellent,0,6,12,58.71,Low Risk
Applicant 224,20,Female,Self-Employed,1613219.68,2046547.08,84,927708.59,26,Good,0,8,2,57.51,Medium Risk
Applicant 225,38,Female,Business,1312005.27,1407937.2,24,642981.86,22,Good,3,9,20,49.01,Low Risk
Applicant 226,21,Female,Self-Employed,397332.22,368783.72,120,72676.99,6,Excellent,4,6,3,18.29,Low Risk
Applicant 227,63,Female,Business,2118842.89,1816079.45,24,185230.35,9,Excellent,3,7,1,8.74,Low Risk
Applicant 228,45,Other,Employed,404810.77,166037.36,12,90797.95,29,Poor,1,5,27,22.43,Medium Risk
Applicant 229,51,Female,Employed,1898848.29,1754724.58,84,373573.72,15,Excellent,2,9,26,19.67,Low Risk
Applicant 230,25,Female,Business,2002593.69,598816.62,84,657369.78,25,Excellent,4,4,6,32.83,Low Risk
Applicant 231,51,Female,Self-Employed,796534.04,1590054.7,120,380544.42,7,Excellent,1,6,19,47.78,Low Risk
Applicant 232,23,Female,Employed,2114533.28,2359658.28,12,1103950.49,8,Poor,3,5,5,52.21,High Risk
Applicant 233,30,Male,Self-Employed,1049272.08,1281138.98,120,540034.37,8,Good,2,1,12,51.47,Medium Risk
Applicant 234,36,Male,Business,1319246.04,2975252.78,84,326937.61,1,Good,1,5,12,24.78,Medium Risk
Applicant 235,57,Male,Self-Employed,320375.09,548971.19,84,137113.78,12,Poor,2,5,16,42.8,High Risk
Applicant 236,43,Male,Self-Employed,699545.25,152875.78,36,155340.18,12,Excellent,1,9,3,22.21,Low Risk
Applicant 237,24,Female,Employed,2348221.94,5563647.16,120,196071.95,22,Good,3,1,6,8.35,Medium Risk
Applicant 238,53,Female,Employed,1162012.72,866201.78,36,506475.91,22,Excellent,2,5,19,43.59,Low Risk
Applicant 239,25,Female,Employed,1502741.15,672495.64,12,83259.6,3,Excellent,1,7,7,5.54,Low Risk
Applicant 240,41,Male,Business,1470447.69,2891921.84,48,404447.26,24,Average,3,6,2,27.51,Medium Risk
Applicant 241,30,Female,Business,1598948.4,2160335.71,24,369610.67,23,Average,4,6,12,23.12,High Risk
Applicant 242,67,Female,Business,434928.1,520901.34,36,187609.56,11,Good,3,7,25,43.14,Low Risk
Applicant 243,35,Female,Employed,1096787.76,848756.98,24,517064.15,16,Good,3,6,17,47.14,Low Risk
Applicant 244,52,Female,Self-Employed,1370848.82,2000321.25,60,297819.72,1,Good,4,5,31,21.73,Medium Risk
Applicant 245,28,Female,Business,741232.55,616026.95,12,367944.03,12,Excellent,3,5,10,49.64,Low Risk
Applicant 246,25,Male,Self-Employed,565546.49,1285849.64,48,119700.3,28,Excellent,4,9,2,21.17,Low Risk
Applicant 247,35,Female,Business,322199.33,223918.97,60,95203.3,17,Excellent,4,8,0,29.55,Low Risk
Applicant 248,48,Male,Business,1262460.24,2820357.44,60,567930.6,27,Excellent,4,4,25,44.99,Medium Risk
Applicant 249,22,Male,Employed,2242015.64,3333053.27,84,966546.68,27,Average,1,4,4,43.11,Medium Risk
Applicant 250,39,Female,Employed,414182.08,872069.77,60,245631.78,26,Excellent,2,5,21,59.31,Medium Risk
Applicant 251,55,Male,Employed,720461.16,1325321.29,12,125243.93,14,Excellent,1,3,13,17.38,Low Risk
Applicant 252,38,Female,Employed,982185.98,1770290.79,36,406894.95,7,Good,4,8,2,41.43,High Risk
Applicant 253,45,Male,Self-Employed,1384173.34,1309421.55,12,533356.66,14,Average,2,7,12,38.53,Medium Risk
Applicant 254,22,Female,Business,1709398.3,1261472.6,36,945817.17,0,Excellent,2,5,4,55.33,Medium Risk
Applicant 255,38,Male,Employed,1215076.59,832374.03,60,165249.42,19,Excellent,4,3,20,13.6,Low Risk
Applicant 256,39,Female,Employed,1969951.67,4277830.45,60,913050.91,9,Good,2,5,21,46.35,Medium Risk
Applicant 257,51,Female,Self-Employed,1194928.07,2493793.0,48,433218.47,11,Average,2,3,2,36.25,High Risk
Applicant 258,26,Male,Employed,2271289.76,2755799.28,36,456679.67,4,Good,1,5,3,20.11,Medium Risk
Applicant 259,60,Female,Employed,2099658.85,1059342.16,60,652866.25,8,Average,2,1,0,31.09,High Risk
Applicant 260,52,Other,Employed,856189.93,923983.2,84,199986.39,22,Poor,4,6,32,23.36,Medium Risk
Applicant 261,59,Male,Employed,897164.87,1457435.31,24,330715.04,7,Average,0,4,6,36.86,Medium Risk
Applicant 262,58,Male,Employed,575784.25,716924.66,48,310319.11,15,Good,0,4,10,53.9,Medium Risk
Applicant 263,37,Male,Employed,1041322.4,2076850.17,12,378122.64,13,Good,0,8,19,36.31,Medium Risk
Applicant 264,59,Female,Employed,2498996.62,6233828.26,48,993219.53,26,Excellent,4,2,13,39.74,Medium Risk
Applicant 265,20,Female,Business,1192652.57,762825.12,24,399909.9,24,Poor,0,4,2,33.53,High Risk
Applicant 266,30,Female,Employed,785074.56,986993.29,36,61346.53,12,Good,1,2,12,7.81,Low Risk
Applicant 267,47,Male,Self-Employed,1431848.47,1705708.07,12,254972.42,22,Excellent,4,1,11,17.81,Low Risk
Applicant 268,44,Male,Employed,1493436.21,1344589.64,12,478797.07,20,Good,4,3,9,32.06,Low Risk
Applicant 269,69,Female,Employed,629123.19,412465.55,36,138803.08,12,Excellent,4,8,23,22.06,Low Risk
Applicant 270,42,Male,Self-Employed,840069.01,294941.4,120,125985.13,4,Good,2,6,17,15.0,Low Risk
Applicant 271,50,Male,Employed,1211833.37,2714960.5,120,396600.42,15,Good,2,7,21,32.73,Low Risk
Applicant 272,49,Female,Employed,1958425.34,2282842.42,48,445630.65,25,Good,2,2,8,22.75,Low Risk
Applicant 273,61,Female,Self-Employed,282040.62,378740.98,60,54140.29,10,Average,3,6,16,19.2,Medium Risk
Applicant 274,54,Female,Self-Employed,666980.45,1540035.66,120,203557.08,21,Excellent,1,8,12,30.52,Low Risk
Applicant 275,26,Female,Employed,1438711.86,2856516.5,48,177402.3,4,Good,4,8,5,12.33,Medium Risk
Applicant 276,35,Female,Employed,891462.83,445867.73,120,499451.1,12,Good,4,4,17,56.03,Medium Risk
Applicant 277,45,Female,Self-Employed,1224072.77,1836679.48,24,645375.42,27,Good,2,6,6,52.72,Medium Risk
Applicant 278,67,Male,Employed,1360108.45,1655497.12,84,597347.83,10,Average,4,5,24,43.92,Medium Risk
Applicant 279,68,Male,Self-Employed,810650.9,1648527.89,60,87888.83,24,Good,4,9,10,10.84,Medium Risk
Applicant 280,21,Male,Self-Employed,1721273.37,3211439.73,48,820586.94,18,Good,0,8,3,47.67,Medium Risk
Applicant 281,20,Male,Unemployed,133788.71,239205.27,84,66142.0,2,Excellent,4,2,2,49.44,High Risk
Applicant 282,67,Female,Employed,585871.02,576059.51,84,276689.62,14,Poor,3,7,9,47.23,High Risk
Applicant 283,31,Male,Business,1532201.73,3143184.03,120,172650.39,6,Good,2,7,4,11.27,Medium Risk
Applicant 284,24,Male,Employed,2017610.08,646643.99,36,815415.86,6,Average,1,1,6,40.41,Medium Risk
Applicant 285,56,Male,Employed,1858677.33,1054125.19,24,945841.19,5,Excellent,1,1,4,50.89,Medium Risk
Applicant 286,51,Male,Employed,678596.3,659550.5,24,249414.25,2,Excellent,0,4,23,36.75,Low Risk
Applicant 287,28,Female,Self-Employed,1757251.0,661881.09,24,712607.55,29,Good,1,5,10,40.55,Low Risk
Applicant 288,60,Male,Employed,1287390.02,953295.37,60,388920.41,12,Average,1,4,5,30.21,Low Risk
Applicant 289,54,Female,Employed,649855.01,1370769.89,12,221463.46,6,Good,2,7,15,34.08,Medium Risk
Applicant 290,38,Male,Employed,696430.66,1658186.45,60,47989.14,4,Poor,2,3,11,6.89,High Risk
Applicant 291,67,Female,Business,516116.98,464807.43,48,207184.66,22,Good,3,7,10,40.14,Low Risk
Applicant 292,35,Female,Business,2067739.84,1671532.66,84,196013.4,17,Good,0,8,2,9.48,Low Risk
Applicant 293,22,Male,Self-Employed,439147.27,370531.87,84,127026.87,21,Excellent,1,6,4,28.93,Low Risk
Applicant 294,39,Female,Employed,575275.57,482514.63,12,121360.31,29,Average,3,6,18,21.1,Medium Risk
Applicant 295,43,Male,Employed,2171037.55,613620.79,48,759831.39,7,Excellent,0,8,17,35.0,Low Risk
Applicant 296,52,Male,Self-Employed,784136.33,1828533.46,12,96745.94,16,Average,1,8,15,12.34,Medium Risk
Applicant 297,43,Female,Employed,367887.39,254396.24,84,158340.16,19,Poor,1,7,22,43.04,Medium Risk
Applicant 298,30,Male,Employed,414169.66,482925.7,120,201806.79,26,Poor,2,6,8,48.73,Medium Risk
Applicant 299,68,Male,Self-Employed,470364.19,104552.47,60,65778.06,0,Good,4,6,2,13.98,Medium Risk
Applicant 300,27,Female,Unemployed,58410.8,126944.0,24,6271.7,13,Good,0,6,7,10.74,Medium Risk
Applicant 301,55,Male,Self-Employed,1280976.6,2410364.85,84,166569.89,16,Average,1,8,3,13.0,Low Risk
Applicant 302,57,Female,Self-Employed,493855.73,1174161.2,36,262938.75,9,Excellent,0,1,11,53.24,Medium Risk
Applicant 303,59,Male,Unemployed,41397.39,82700.21,24,14095.98,11,Good,3,5,30,34.05,Medium Risk
Applicant 304,39,Female,Employed,1982382.11,1826814.63,84,608578.52,15,Excellent,3,3,21,30.7,Low Risk
Applicant 305,54,Female,Self-Employed,1290135.69,993544.75,60,140226.78,13,Good,4,8,15,10.87,Low Risk
Applicant 306,67,Female,Unemployed,98358.36,177512.01,12,40057.01,29,Excellent,1,6,13,40.73,Medium Risk
Applicant 307,44,Female,Employed,1508481.5,1564988.29,120,795572.8,26,Excellent,2,2,12,52.74,Low Risk
Applicant 308,54,Male,Self-Employed,733575.23,1102046.06,120,370823.91,15,Good,1,7,6,50.55,Low Risk
Applicant 309,44,Female,Self-Employed,997875.65,213936.74,24,393492.39,7,Good,0,7,11,39.43,Low Risk
Applicant 310,48,Male,Self-Employed,1035342.61,354436.2,60,94633.73,22,Good,3,5,3,9.14,Low Risk
Applicant 311,37,Male,Self-Employed,850217.77,1216956.03,120,95069.96,27,Excellent,0,8,1,11.18,Low Risk
Applicant 312,65,Male,Student,276643.05,415508.12,120,21334.7,9,Good,4,5,34,7.71,Low Risk
Applicant 313,37,Female,Business,335336.1,646642.61,48,64254.95,28,Excellent,3,1,2,19.16,Low Risk
Applicant 314,21,Male,Employed,2020776.78,1017502.0,36,251816.69,16,Good,2,9,3,12.46,Low Risk
Applicant 315,54,Female,Business,573642.23,791810.47,24,110728.11,26,Good,3,4,11,19.3,Low Risk
Applicant 316,35,Female,Employed,2054604.19,1329800.61,12,537858.25,29,Good,1,2,17,26.18,Low Risk
Applicant 317,60,Female,Employed,1655006.21,685753.6,120,941103.61,28,Average,1,4,9,56.86,Medium Risk
Applicant 318,55,Male,Employed,2155211.8,2465864.73,48,831279.92,17,Excellent,3,9,0,38.57,Medium Risk
Applicant 319,52,Female,Employed,514531.52,296202.57,60,262017.76,19,Average,4,2,16,50.92,High Risk
Applicant 320,23,Male,Employed,1529757.4,1086278.51,120,674153.88,15,Good,1,4,5,44.07,Low Risk
Applicant 321,52,Male,Student,175271.97,163068.75,36,19608.85,16,Good,1,2,8,11.19,Low Risk
Applicant 322,33,Male,Self-Employed,1344599.43,1071098.93,12,611464.96,15,Good,2,5,8,45.48,Low Risk
Applicant 323,40,Male,Self-Employed,1078150.36,432834.23,60,217036.4,18,Excellent,3,3,8,20.13,Low Risk
Applicant 324,67,Female,Employed,1489616.05,605986.78,60,598094.72,23,Good,1,2,11,40.15,Low Risk
Applicant 325,39,Female,Student,157398.99,101439.5,24,37386.84,23,Good,4,9,14,23.75,Medium Risk
Applicant 326,27,Male,Student,127208.61,40234.32,120,76162.31,7,Excellent,0,5,1,59.87,High Risk
Applicant 327,26,Male,Business,1360981.59,2233168.2,24,265327.87,5,Excellent,3,5,8,19.5,Low Risk
Applicant 328,22,Male,Employed,560683.19,482664.94,12,114111.23,5,Excellent,2,1,4,20.35,Low Risk
Applicant 329,36,Male,Employed,2415329.35,2037126.76,120,1357100.48,20,Poor,1,6,7,56.19,High Risk
Applicant 330,52,Female,Employed,1871703.68,1803566.32,84,118955.05,28,Good,4,7,31,6.36,Low Risk
Applicant 331,67,Male,Employed,2395427.66,4130750.75,120,1037648.82,8,Excellent,3,1,5,43.32,Medium Risk
Applicant 332,31,Male,Employed,798800.24,1759323.92,84,358605.0,3,Good,4,9,13,44.89,Medium Risk
Applicant 333,41,Male,Student,269835.26,525072.42,60,137618.2,25,Good,4,8,23,51.0,High Risk
Applicant 334,41,Female,Employed,2079337.97,3895259.65,24,1218370.66,11,Average,2,8,7,58.59,High Risk
Applicant 335,65,Female,Employed,1789735.31,2351890.68,36,1049824.83,27,Excellent,3,7,33,58.66,Medium Risk
Applicant 336,49,Female,Employed,1675064.21,3008001.21,120,143891.73,11,Excellent,1,5,18,8.59,Low Risk
Applicant 337,57,Female,Employed,996409.26,1466070.2,36,500209.03,22,Average,2,3,6,50.2,High Risk
Applicant 338,57,Female,Employed,2096103.73,1461772.89,120,849908.15,16,Excellent,1,9,30,40.55,Low Risk
Applicant 339,64,Male,Employed,1403334.02,953920.86,60,569807.18,14,Excellent,0,7,17,40.6,Low Risk
Applicant 340,27,Female,Employed,455961.47,402021.96,24,54985.52,8,Poor,4,8,9,12.06,Medium Risk
Applicant 341,46,Female,Business,988298.95,2267994.03,12,402833.56,6,Good,0,6,16,40.76,Medium Risk
Applicant 342,46,Female,Unemployed,188353.48,274817.92,12,111197.38,9,Excellent,4,5,8,59.04,High Risk
Applicant 343,53,Female,Employed,2171496.57,4099747.23,12,1197580.82,15,Excellent,2,8,19,55.15,Low Risk
Applicant 344,40,Female,Employed,2460192.54,2453021.44,120,717199.91,11,Excellent,1,3,22,29.15,Low Risk
Applicant 345,49,Female,Business,1681585.44,1913217.57,120,121026.03,24,Excellent,1,7,19,7.2,Low Risk
Applicant 346,52,Other,Employed,844522.16,412803.13,36,210506.79,6,Average,2,2,26,24.93,Low Risk
Applicant 347,47,Female,Employed,658193.11,390952.49,24,332068.08,17,Good,3,3,7,50.45,Medium Risk
Applicant 348,66,Female,Business,711211.77,1495621.51,120,309963.52,14,Average,0,2,31,43.58,High Risk
Applicant 349,52,Female,Employed,343550.45,530829.71,24,103971.77,5,Poor,0,5,0,30.26,High Risk
Applicant 350,24,Male,Self-Employed,855557.27,835301.67,36,68706.25,25,Good,1,7,6,8.03,Low Risk
Applicant 351,67,Female,Self-Employed,546712.9,1118879.54,120,155699.52,11,Excellent,1,1,8,28.48,Low Risk
Applicant 352,38,Male,Employed,1205642.01,924722.34,12,371293.99,10,Good,1,9,19,30.8,Low Risk
Applicant 353,23,Female,Employed,2356987.75,5762540.91,12,1321576.1,19,Poor,2,1,5,56.07,High Risk
Applicant 354,54,Other,Business,1247188.46,1238558.54,60,502114.78,2,Average,3,1,1,40.26,High Risk
Applicant 355,68,Female,Employed,2231565.89,2177595.9,84,494089.0,1,Excellent,0,8,31,22.14,Low Risk
Applicant 356,36,Male,Employed,1632110.49,1497293.89,48,553163.12,5,Good,4,6,8,33.89,Low Risk
Applicant 357,63,Male,Self-Employed,633053.91,304408.08,84,54651.81,23,Good,2,6,29,8.63,Low Risk
Applicant 358,47,Male,Employed,1082880.47,493377.06,120,633390.35,21,Poor,0,9,19,58.49,High Risk
Applicant 359,49,Female,Employed,484622.98,819323.76,24,120202.47,24,Excellent,3,4,0,24.8,Medium Risk
Applicant 360,48,Male,Business,1033617.71,2287159.81,120,323343.57,29,Good,2,8,4,31.28,Low Risk
Applicant 361,65,Male,Employed,1790590.08,3613763.84,24,439421.88,4,Average,0,4,34,24.54,Medium Risk
Applicant 362,25,Male,Business,458644.4,240580.76,24,195098.82,17,Good,2,2,0,42.54,Medium Risk
Applicant 363,54,Female,Business,751883.1,1093868.77,84,311450.8,15,Good,0,8,13,41.42,Low Risk
Applicant 364,60,Female,Self-Employed,841233.61,372549.18,48,373025.92,7,Excellent,0,7,8,44.34,Low Risk
Applicant 365,56,Male,Employed,2460508.98,748431.91,60,485898.3,24,Excellent,3,4,29,19.75,Low Risk
Applicant 366,43,Male,Unemployed,161275.13,275730.07,84,36063.97,29,Excellent,4,9,23,22.36,Medium Risk
Applicant 367,48,Female,Employed,1913670.84,2738176.62,48,227512.84,25,Poor,3,9,3,11.89,Medium Risk
Applicant 368,68,Female,Self-Employed,430095.98,167158.73,12,176567.51,19,Excellent,0,8,13,41.05,Low Risk
Applicant 369,65,Female,Employed,2018190.97,565820.56,12,145084.56,21,Good,2,1,24,7.19,Low Risk
Applicant 370,50,Male,Employed,2027591.39,5021207.92,24,767900.13,10,Good,3,7,3,37.87,High Risk
Applicant 371,54,Female,Employed,1622425.93,436512.18,36,857180.73,9,Excellent,4,5,24,52.83,Medium Risk
Applicant 372,52,Male,Student,297590.45,363779.02,120,160686.25,23,Good,0,7,9,54.0,High Risk
Applicant 373,40,Female,Unemployed,78545.7,106871.15,120,23325.78,24,Average,3,9,22,29.7,High Risk
Applicant 374,51,Female,Employed,2370799.39,1113669.59,24,717444.27,11,Average,3,2,6,30.26,Medium Risk
Applicant 375,42,Male,Employed,2312408.45,1361643.43,36,213511.73,20,Good,3,4,12,9.23,Low Risk
Applicant 376,52,Male,Self-Employed,267795.02,270245.75,48,112184.89,27,Good,3,4,3,41.89,Medium Risk
Applicant 377,22,Female,Employed,1290256.36,2518392.7,12,647312.17,5,Excellent,2,2,4,50.17,Medium Risk
Applicant 378,37,Female,Employed,2449629.31,3346902.99,120,452104.27,26,Poor,4,3,17,18.46,Medium Risk
Applicant 379,44,Female,Self-Employed,409838.11,683271.57,84,115457.74,19,Excellent,4,8,7,28.17,Low Risk
Applicant 380,61,Female,Employed,1505126.33,3711493.24,36,769663.86,4,Average,0,9,31,51.14,High Risk
Applicant 381,50,Female,Unemployed,196212.35,385834.42,48,104466.65,22,Excellent,1,6,26,53.24,High Risk
Applicant 382,22,Female,Employed,1522089.93,1825033.69,12,279682.49,8,Poor,2,2,4,18.37,High Risk
Applicant 383,59,Male,Employed,717593.67,880355.7,84,253176.98,25,Average,0,2,6,35.28,Low Risk
Applicant 384,65,Female,Employed,1580803.11,2565921.32,36,246401.73,26,Average,0,7,11,15.59,Medium Risk
Applicant 385,43,Male,Business,749769.26,1297355.73,24,79500.52,28,Excellent,3,8,24,10.6,Low Risk
Applicant 386,69,Male,Employed,1443349.38,1950881.73,24,795453.33,15,Good,1,8,2,55.11,Medium Risk
Applicant 387,51,Other,Self-Employed,364765.44,613966.19,24,182849.3,21,Good,1,6,25,50.13,Medium Risk
Applicant 388,66,Male,Employed,1632061.87,414747.29,120,763836.28,13,Average,2,8,3,46.8,Medium Risk
Applicant 389,41,Male,Business,1436937.87,1707272.71,48,110387.69,21,Excellent,1,1,14,7.68,Low Risk
Applicant 390,42,Male,Employed,1928355.01,1622821.77,24,991272.5,7,Poor,0,9,24,51.41,High Risk
Applicant 391,21,Female,Employed,1687541.04,838878.72,120,490946.6,26,Average,1,1,3,29.09,Medium Risk
Applicant 392,46,Male,Self-Employed,1101889.72,472663.29,60,262599.4,19,Excellent,1,3,9,23.83,Low Risk
Applicant 393,61,Male,Employed,1817513.47,2885015.43,120,637151.15,18,Average,4,9,20,35.06,High Risk
Applicant 394,21,Male,Employed,616672.21,865981.23,12,61817.86,13,Good,0,5,3,10.02,Low Risk
Applicant 395,45,Male,Business,1609791.25,1260858.48,120,750413.21,6,Good,1,9,18,46.62,Low Risk
Applicant 396,36,Male,Employed,678643.33,870825.03,48,251328.29,4,Excellent,1,9,18,37.03,Low Risk
Applicant 397,59,Male,Self-Employed,1684559.42,2244059.43,84,257105.13,17,Good,3,6,17,15.26,Low Risk
Applicant 398,52,Female,Employed,450335.03,292051.57,120,69138.91,1,Average,1,1,15,15.35,Medium Risk
Applicant 399,28,Male,Business,1246824.45,2119369.71,24,188690.37,10,Good,1,7,0,15.13,Medium Risk
Applicant 400,62,Male,Employed,1830754.45,3654395.54,12,148934.28,21,Good,4,6,1,8.14,Low Risk
Applicant 401,67,Male,Employed,1307648.87,2641929.51,36,488131.13,7,Good,0,9,14,37.33,Medium Risk
Applicant 402,58,Male,Unemployed,36577.15,57999.68,24,18734.51,0,Average,2,7,27,51.22,High Risk
Applicant 403,48,Female,Business,1517433.84,2089155.48,12,90475.5,26,Excellent,0,4,0,5.96,Low Risk
Applicant 404,61,Female,Employed,1711590.2,582482.26,60,131711.24,21,Average,3,7,4,7.7,Medium Risk
Applicant 405,45,Male,Employed,1848343.08,1593293.89,36,674688.94,11,Good,0,2,21,36.5,Low Risk
Applicant 406,54,Male,Business,1121171.59,464752.9,60,561395.98,1,Excellent,1,6,12,50.07,Medium Risk
Applicant 407,69,Male,Employed,1540051.94,3721987.16,84,353759.77,17,Excellent,3,6,0,22.97,Medium Risk
Applicant 408,44,Female,Business,1291510.24,659554.05,12,312917.33,6,Good,0,2,15,24.23,Low Risk
Applicant 409,43,Female,Business,1778523.29,976557.69,60,672265.04,25,Average,3,4,21,37.8,Medium Risk
Applicant 410,32,Female,Employed,1583825.33,3557313.22,84,318059.19,16,Good,2,8,14,20.08,Low Risk
Applicant 411,26,Male,Employed,1456663.68,3453800.64,12,94150.88,21,Average,0,8,8,6.46,Medium Risk
Applicant 412,55,Female,Self-Employed,636762.77,1248950.82,12,289329.52,29,Excellent,1,8,14,45.44,Low Risk
Applicant 413,64,Male,Employed,304440.74,64672.75,60,119982.36,22,Good,3,8,11,39.41,Low Risk
Applicant 414,39,Male,Employed,682979.69,138710.73,12,252303.49,13,Poor,4,1,0,36.94,High Risk
Applicant 415,20,Male,Student,79266.51,84785.98,24,36298.22,23,Average,3,2,2,45.79,High Risk
Applicant 416,27,Male,Self-Employed,946081.35,501242.75,12,398656.88,6,Excellent,4,4,9,42.14,Low Risk
Applicant 417,65,Female,Business,1646967.93,399040.77,48,268842.96,21,Good,1,9,6,16.32,Low Risk
Applicant 418,35,Female,Self-Employed,580281.76,735422.05,84,141510.17,24,Excellent,2,3,8,24.39,Low Risk
Applicant 419,33,Male,Self-Employed,1705538.5,4040492.96,12,203574.06,28,Good,4,6,15,11.94,Medium Risk
Applicant 420,31,Female,Employed,314700.68,297324.49,48,38211.38,2,Average,2,7,13,12.14,Medium Risk
Applicant 421,42,Other,Employed,1999062.23,3439633.57,12,843419.67,26,Average,3,8,11,42.19,Medium Risk
Applicant 422,34,Female,Employed,1675450.49,2848502.59,12,874970.61,5,Excellent,1,7,6,52.22,Medium Risk
Applicant 423,47,Female,Employed,1121820.56,872197.8,60,650098.29,19,Poor,4,3,14,57.95,High Risk
Applicant 424,53,Female,Business,411075.68,697175.34,24,162617.8,1,Good,3,6,20,39.56,High Risk
Applicant 425,21,Other,Employed,1680470.46,1156782.33,84,254180.78,16,Good,0,5,3,15.13,Low Risk
Applicant 426,51,Female,Employed,1148349.73,551916.46,24,124145.44,11,Good,3,4,1,10.81,Low Risk
Applicant 427,42,Male,Employed,2359787.71,4278723.55,36,1172975.04,11,Good,2,1,7,49.71,Medium Risk
Applicant 428,41,Male,Employed,1492378.16,687857.81,60,549666.85,29,Good,1,7,5,36.83,Low Risk
Applicant 429,44,Female,Employed,2367233.32,5901255.12,60,923355.36,16,Good,1,8,26,39.01,Low Risk
Applicant 430,41,Male,Employed,785064.13,488263.2,24,376677.03,26,Good,3,2,5,47.98,Medium Risk
Applicant 431,41,Female,Employed,1896597.0,2971069.05,120,828438.26,9,Excellent,0,7,23,43.68,Low Risk
Applicant 432,68,Male,Employed,1657947.85,1900276.02,60,843815.94,2,Average,2,6,13,50.9,High Risk
Applicant 433,61,Male,Employed,1926698.11,945409.13,24,155903.88,19,Good,3,5,7,8.09,Low Risk
Applicant 434,25,Male,Business,772269.3,203910.75,60,356121.45,17,Excellent,3,4,7,46.11,Medium Risk
Applicant 435,34,Male,Employed,1762987.94,2877697.45,12,913173.13,12,Average,1,2,12,51.8,High Risk
Applicant 436,62,Female,Employed,1395688.86,2868897.62,24,289429.96,11,Poor,2,6,27,20.74,High Risk
Applicant 437,56,Female,Self-Employed,1401378.71,2994236.23,24,563698.98,26,Poor,0,5,17,40.22,High Risk
Applicant 438,52,Female,Employed,1019498.22,1335788.36,48,227133.13,26,Good,1,2,18,22.28,Low Risk
Applicant 439,27,Female,Business,2258125.46,4489486.66,60,1302676.64,29,Excellent,3,7,9,57.69,Medium Risk
Applicant 440,63,Male,Employed,485462.89,848369.9,60,33197.39,26,Good,1,6,21,6.84,Low Risk
Applicant 441,63,Female,Employed,2075816.5,3873028.15,24,765739.78,16,Excellent,1,9,1,36.89,Low Risk
Applicant 442,24,Female,Self-Employed,1585045.42,2112830.22,12,224405.9,3,Poor,4,5,6,14.16,High Risk
Applicant 443,58,Female,Employed,2097955.09,3475990.6,12,926711.06,22,Excellent,1,9,22,44.17,Low Risk
Applicant 444,23,Male,Self-Employed,1044725.91,2144518.91,84,153302.72,9,Excellent,1,9,5,14.67,Low Risk
Applicant 445,25,Female,Employed,1264446.96,1410027.3,12,226918.66,10,Good,2,1,7,17.95,Low Risk
Applicant 446,64,Male,Business,2491777.03,5117490.74,60,802112.86,5,Good,1,5,10,32.19,Medium Risk
Applicant 447,51,Other,Employed,804178.29,1255835.97,120,444838.64,5,Average,0,9,32,55.32,High Risk
Applicant 448,49,Female,Employed,1503127.12,874177.18,48,250184.84,26,Good,3,7,23,16.64,Low Risk
Applicant 449,66,Male,Self-Employed,1289547.06,331121.59,24,166779.72,8,Excellent,2,6,1,12.93,Low Risk
Applicant 450,54,Female,Employed,1841908.8,1905147.57,36,860976.8,29,Excellent,1,6,29,46.74,Low Risk
Applicant 451,59,Female,Employed,748854.26,1091381.36,48,243632.8,14,Good,0,7,16,32.53,Low Risk
Applicant 452,35,Male,Self-Employed,1263690.84,2693666.73,120,696902.51,1,Excellent,3,1,17,55.15,High Risk
Applicant 453,32,Female,Business,2100413.05,1035959.56,36,274393.77,3,Good,2,4,14,13.06,Low Risk
Applicant 454,69,Female,Employed,410040.87,836677.98,48,166173.3,4,Good,0,1,4,40.53,Medium Risk
Applicant 455,61,Male,Business,2305346.85,5037000.3,12,410544.31,16,Average,1,6,15,17.81,Medium Risk
Applicant 456,49,Male,Unemployed,25310.73,13834.37,60,3447.78,7,Poor,4,4,12,13.62,High Risk
Applicant 457,38,Male,Business,1083136.27,2338130.45,120,461292.77,7,Poor,4,1,20,42.59,High Risk
Applicant 458,36,Male,Employed,334789.03,830391.7,36,126056.96,21,Poor,2,9,18,37.65,High Risk
Applicant 459,38,Male,Self-Employed,369575.01,691744.38,120,171909.7,11,Excellent,0,4,20,46.52,Low Risk
Applicant 460,47,Female,Employed,2304570.23,4620594.79,48,507476.54,20,Excellent,3,6,11,22.02,Low Risk
Applicant 461,45,Male,Unemployed,83874.95,208610.01,60,24859.23,7,Excellent,0,7,13,29.64,Medium Risk
Applicant 462,56,Male,Employed,1234497.37,1966069.0,120,337029.41,18,Average,4,8,17,27.3,Medium Risk
Applicant 463,45,Female,Employed,773757.64,702679.24,36,457483.59,2,Poor,2,9,26,59.12,High Risk
Applicant 464,42,Female,Self-Employed,1175498.44,2499486.92,24,247720.93,17,Average,1,9,24,21.07,Low Risk
Applicant 465,28,Male,Employed,1608567.07,2595129.06,48,341256.67,20,Excellent,0,8,10,21.21,Low Risk
Applicant 466,31,Male,Unemployed,86996.07,133691.16,24,21314.17,18,Poor,4,3,13,24.5,High Risk
Applicant 467,20,Male,Unemployed,79946.28,62626.86,12,28822.77,18,Good,3,2,2,36.05,High Risk
Applicant 468,20,Female,Self-Employed,1621694.68,3145388.44,24,306139.48,14,Excellent,2,5,2,18.88,Low Risk
Applicant 469,66,Male,Employed,1143225.33,443382.49,24,632671.72,5,Good,1,1,28,55.34,Medium Risk
Applicant 470,53,Female,Self-Employed,1014926.54,2360577.31,84,199054.56,15,Excellent,0,3,8,19.61,Low Risk
Applicant 471,51,Female,Employed,923270.48,876547.42,48,501057.65,7,Good,3,1,25,54.27,Medium Risk
Applicant 472,67,Male,Employed,2030892.91,1003020.85,12,217125.37,15,Excellent,1,3,27,10.69,Low Risk
Applicant 473,44,Female,Business,1174385.95,1429747.98,24,482801.2,17,Good,4,4,12,41.11,Medium Risk
Applicant 474,59,Other,Employed,1429944.3,425666.95,60,784813.54,19,Good,4,7,8,54.88,Medium Risk
Applicant 475,64,Male,Employed,857385.77,1521551.29,36,122445.14,15,Average,3,5,13,14.28,Medium Risk
Applicant 476,20,Female,Unemployed,197778.73,450188.43,24,115221.9,10,Good,4,5,2,58.26,High Risk
Applicant 477,35,Female,Employed,941290.63,2000906.12,12,281526.71,6,Good,2,1,17,29.91,Medium Risk
Applicant 478,58,Female,Employed,1995633.57,983747.15,24,1137797.13,16,Average,3,8,2,57.01,High Risk
Applicant 479,24,Female,Student,156873.91,76934.67,36,66240.17,16,Poor,4,4,6,42.23,High Risk
Applicant 480,41,Female,Employed,753678.29,1560791.85,12,162698.63,11,Excellent,0,5,19,21.59,Low Risk
Applicant 481,48,Female,Business,2059381.28,4789677.74,48,316251.75,12,Good,4,2,30,15.36,Medium Risk
Applicant 482,22,Female,Unemployed,80049.22,100825.24,12,17375.03,9,Excellent,2,1,4,21.71,Medium Risk
Applicant 483,31,Female,Student,266298.34,358872.58,48,26938.63,6,Excellent,1,9,13,10.12,Low Risk
Applicant 484,45,Female,Self-Employed,1668648.64,1555185.03,12,215468.23,13,Good,1,2,15,12.91,Low Risk
Applicant 485,35,Female,Employed,2191612.44,4946052.37,120,235736.94,22,Average,4,6,7,10.76,Medium Risk
Applicant 486,56,Male,Employed,377017.41,634624.62,36,106552.26,0,Excellent,1,1,18,28.26,Medium Risk
Applicant 487,41,Male,Business,2032221.36,1753763.6,36,990846.32,16,Average,4,1,23,48.76,Medium Risk
Applicant 488,48,Male,Business,1204946.83,1069029.55,12,153945.16,3,Average,2,9,30,12.78,Medium Risk
Applicant 489,33,Male,Employed,2222190.42,4999395.49,120,270387.77,20,Poor,1,4,13,12.17,High Risk
Applicant 490,47,Male,Employed,1703499.38,394118.64,24,688019.42,4,Excellent,0,9,21,40.39,Low Risk
Applicant 491,24,Female,Employed,2134014.9,2010820.6,36,338136.03,19,Poor,4,5,6,15.85,Medium Risk
Applicant 492,66,Male,Employed,1398749.89,2063184.58,48,145030.11,23,Excellent,1,7,14,10.37,Low Risk
Applicant 493,68,Female,Self-Employed,1079289.53,583787.88,48,153007.33,22,Good,2,1,31,14.18,Low Risk
Applicant 494,49,Male,Employed,617652.79,254366.18,60,344682.54,24,Excellent,2,6,12,55.81,Low Risk
Applicant 495,65,Female,Student,245996.84,510476.79,84,123443.47,6,Excellent,0,8,20,50.18,High Risk
Applicant 496,24,Female,Self-Employed,900053.9,2031538.74,120,220275.15,9,Average,2,1,6,24.47,Medium Risk
Applicant 497,31,Male,Employed,1400176.26,2932381.82,84,575054.38,16,Good,2,9,13,41.07,Medium Risk
Applicant 498,35,Female,Self-Employed,1466901.46,3325776.81,84,506816.83,28,Excellent,1,3,17,34.55,Low Risk
Applicant 499,45,Male,Employed,1617459.88,2381155.75,48,683244.73,29,Excellent,4,1,15,42.24,Low Risk
Applicant 500,45,Female,Self-Employed,561703.03,1161710.66,60,238987.3,6,Good,3,1,27,42.55,Medium Risk
Applicant 501,67,Male,Self-Employed,1164860.62,1261891.26,84,461056.15,0,Excellent,2,6,33,39.58,Low Risk
Applicant 502,40,Female,Business,1196792.29,2073342.21,84,234997.05,6,Average,2,6,0,19.64,High Risk
Applicant 503,58,Male,Business,1332956.19,3298162.46,12,95244.43,25,Excellent,3,1,30,7.15,Low Risk
Applicant 504,55,Female,Employed,362284.8,260545.72,12,108888.95,23,Excellent,2,3,32,30.06,Low Risk
Applicant 505,52,Female,Employed,762064.57,835809.11,12,411542.03,10,Good,1,7,32,54.0,Low Risk
Applicant 506,49,Male,Self-Employed,685609.03,894108.88,24,249029.31,8,Good,1,3,17,36.32,Medium Risk
Applicant 507,56,Male,Employed,1868512.02,966834.68,84,948858.57,11,Good,3,3,22,50.78,Medium Risk
Applicant 508,42,Male,Employed,325283.44,125685.88,24,193671.61,2,Excellent,2,3,22,59.54,Low Risk
Applicant 509,29,Male,Employed,1199309.97,2528580.28,60,167890.1,3,Poor,2,7,11,14.0,High Risk
Applicant 510,24,Female,Self-Employed,1682241.65,4115817.94,120,724167.52,3,Good,4,4,6,43.05,High Risk
Applicant 511,55,Male,Employed,546137.36,617609.07,48,229848.17,27,Excellent,2,4,29,42.09,Low Risk
Applicant 512,53,Male,Self-Employed,1050457.8,421858.2,84,618693.9,24,Good,1,3,24,58.9,Medium Risk
Applicant 513,50,Male,Unemployed,161574.03,56771.79,48,95664.82,12,Average,0,9,15,59.21,High Risk
Applicant 514,29,Female,Employed,2373568.88,5340605.64,120,1015111.88,22,Excellent,0,2,11,42.77,Low Risk
Applicant 515,38,Male,Employed,1942908.61,2461223.73,12,357472.13,18,Excellent,0,4,16,18.4,Low Risk
Applicant 516,51,Male,Employed,1885244.21,1764707.03,84,922272.23,9,Average,0,8,11,48.92,Low Risk
Applicant 517,20,Male,Business,2118273.8,2744988.24,36,230608.05,4,Good,2,6,2,10.89,Medium Risk
Applicant 518,24,Male,Employed,1281642.69,1194618.41,24,614399.79,6,Good,2,7,6,47.94,Medium Risk
Applicant 519,64,Female,Employed,2072857.97,2746085.51,24,1141331.91,23,Excellent,4,7,23,55.06,Medium Risk
Applicant 520,23,Male,Employed,317521.69,691238.28,84,82732.93,15,Excellent,2,2,5,26.06,Low Risk
Applicant 521,35,Male,Business,2334034.32,3646445.84,120,926260.15,0,Good,0,4,17,39.68,Medium Risk
Applicant 522,43,Female,Employed,1275274.32,2292565.33,12,365466.21,11,Excellent,3,6,14,28.66,Low Risk
Applicant 523,35,Female,Business,1517436.41,1576225.77,24,441226.17,1,Good,3,3,3,29.08,High Risk
Applicant 524,21,Male,Student,113720.56,215905.71,12,25098.58,6,Good,1,9,3,22.07,Medium Risk
Applicant 525,68,Female,Employed,1933567.83,3351297.07,60,907174.52,10,Excellent,1,4,27,46.92,Low Risk
Applicant 526,47,Female,Business,468598.77,222580.95,48,264710.09,28,Poor,2,2,1,56.49,High Risk
Applicant 527,51,Male,Employed,2219798.77,3367609.13,120,1259542.62,29,Average,3,6,29,56.74,High Risk
Applicant 528,46,Female,Business,2121857.02,1677349.28,36,310066.34,12,Average,0,1,25,14.61,Low Risk
Applicant 529,39,Female,Self-Employed,584893.18,1198691.8,48,310642.04,1,Excellent,0,6,21,53.11,Medium Risk
Applicant 530,43,Male,Business,2080513.68,2454291.96,48,947855.6,6,Excellent,0,1,19,45.56,Low Risk
Applicant 531,31,Male,Employed,2029987.01,5050148.05,60,383790.5,14,Good,2,8,13,18.91,Low Risk
Applicant 532,69,Male,Employed,1690876.52,697910.99,24,147117.31,24,Excellent,2,5,19,8.7,Low Risk
Applicant 533,54,Female,Employed,1121744.39,2237655.8,36,221430.66,10,Poor,4,6,10,19.74,Medium Risk
Applicant 534,52,Other,Employed,897297.26,1569834.11,24,495051.94,1,Excellent,0,2,9,55.17,Medium Risk
Applicant 535,52,Female,Employed,809923.9,1591700.77,84,322550.79,6,Good,0,2,22,39.82,Medium Risk
Applicant 536,62,Male,Employed,1000939.72,908171.15,48,446999.72,3,Good,2,9,18,44.66,Low Risk
Applicant 537,56,Female,Employed,2287828.58,3046759.26,84,437967.7,10,Good,2,3,17,19.14,Low Risk
Applicant 538,31,Female,Employed,470809.71,956671.02,12,209822.7,28,Excellent,4,6,13,44.57,Medium Risk
Applicant 539,22,Male,Business,2123516.81,1560455.84,48,139019.91,1,Good,4,5,4,6.55,Medium Risk
Applicant 540,20,Male,Employed,1067558.17,768509.88,24,273750.46,28,Excellent,1,4,2,25.64,Low Risk
Applicant 541,52,Female,Employed,1447518.67,2124113.78,48,571356.38,15,Average,3,2,1,39.47,High Risk
Applicant 542,59,Male,Employed,2047868.39,2875609.08,12,266946.02,6,Excellent,0,8,23,13.04,Low Risk
Applicant 543,29,Female,Employed,2245628.4,1906995.91,60,1128769.53,12,Poor,0,7,11,50.27,High Risk
Applicant 544,62,Male,Unemployed,82060.66,72670.79,84,14710.79,4,Average,4,2,27,17.93,High Risk
Applicant 545,63,Male,Employed,1316055.66,1104228.44,84,537943.82,16,Excellent,4,6,1,40.88,Low Risk
Applicant 546,48,Male,Self-Employed,892499.9,1762221.19,24,243526.12,20,Average,1,8,4,27.29,Medium Risk
Applicant 547,32,Male,Unemployed,22385.19,38040.76,48,8457.66,11,Excellent,3,7,10,37.78,High Risk
Applicant 548,31,Female,Business,951074.36,2011103.34,24,103760.12,27,Poor,1,1,9,10.91,High Risk
Applicant 549,50,Male,Self-Employed,961743.31,2350104.38,60,57033.34,18,Good,3,5,1,5.93,Medium Risk
Applicant 550,65,Female,Business,1204405.94,1554379.67,48,662736.94,6,Excellent,0,2,14,55.03,Low Risk
Applicant 551,21,Female,Unemployed,149947.26,52990.75,48,29734.02,5,Good,1,6,3,19.83,Medium Risk
Applicant 552,69,Female,Self-Employed,846445.61,262916.43,24,423918.88,7,Excellent,4,7,19,50.08,Medium Risk
Applicant 553,54,Male,Self-Employed,1008533.5,887539.32,24,604759.72,12,Poor,1,7,33,59.96,High Risk
Applicant 554,42,Female,Self-Employed,915893.32,2147634.79,12,152301.33,4,Excellent,1,3,24,16.63,Low Risk
Applicant 555,36,Female,Employed,1929377.53,2707669.18,120,377856.83,1,Good,0,7,18,19.58,Low Risk
Applicant 556,45,Male,Self-Employed,1587607.22,1309948.99,120,658178.9,8,Good,4,5,21,41.46,Medium Risk
Applicant 557,27,Male,Employed,1470155.97,1643757.32,60,854155.84,29,Poor,4,8,9,58.1,High Risk
Applicant 558,48,Female,Employed,2036750.83,3211485.05,120,1127744.64,10,Excellent,2,8,22,55.37,Medium Risk
Applicant 559,45,Female,Employed,952930.7,1621682.42,12,311209.57,23,Good,2,7,18,32.66,Low Risk
Applicant 560,29,Male,Employed,1491013.14,826043.45,84,726586.59,5,Good,2,6,3,48.73,Medium Risk
Applicant 561,45,Female,Employed,1059505.9,2592794.08,48,132078.24,28,Average,0,2,23,12.47,Low Risk
Applicant 562,53,Female,Employed,1211242.04,1759905.76,24,711714.92,25,Excellent,1,6,19,58.76,Low Risk
Applicant 563,60,Female,Self-Employed,1385241.49,709358.8,48,803986.24,6,Excellent,4,9,27,58.04,Medium Risk
Applicant 564,26,Female,Employed,2239657.46,5051236.27,48,313666.1,24,Excellent,4,2,8,14.01,Low Risk
Applicant 565,23,Female,Business,567289.86,210843.71,36,121787.33,6,Average,1,1,5,21.47,Medium Risk
Applicant 566,69,Male,Employed,1696206.36,3880566.49,84,178246.27,18,Excellent,4,5,34,10.51,Low Risk
Applicant 567,64,Male,Employed,1580716.38,3939304.89,36,315265.47,5,Good,1,6,31,19.94,Medium Risk
Applicant 568,30,Male,Self-Employed,433543.31,785143.96,120,216240.86,10,Excellent,0,3,12,49.88,Low Risk
Applicant 569,48,Female,Self-Employed,578436.21,1140692.75,48,149279.11,28,Average,0,8,29,25.81,Low Risk
Applicant 570,55,Female,Employed,984205.49,960384.3,24,97060.7,10,Poor,0,7,16,9.86,Low Risk
Applicant 571,44,Male,Business,667248.36,1578460.58,48,158954.6,6,Good,1,2,26,23.82,Medium Risk
Applicant 572,40,Female,Business,836204.86,1186024.58,84,493160.88,1,Good,1,7,5,58.98,High Risk
Applicant 573,55,Female,Employed,888721.76,1674790.32,36,352223.52,18,Excellent,3,1,16,39.63,Low Risk
Applicant 574,29,Female,Employed,1038482.43,2414936.63,24,289620.83,3,Excellent,4,9,11,27.89,Medium Risk
Applicant 575,56,Male,Unemployed,154890.28,378383.62,48,21931.87,25,Excellent,4,7,13,14.16,High Risk
Applicant 576,28,Female,Self-Employed,1136463.92,2405178.17,60,673238.09,5,Good,3,6,10,59.24,High Risk
Applicant 577,43,Male,Employed,2469742.68,2215211.66,84,1238494.34,16,Good,3,2,25,50.15,Medium Risk
Applicant 578,54,Male,Business,1212418.82,2937762.68,84,248318.55,24,Poor,0,3,13,20.48,High Risk
Applicant 579,68,Male,Employed,1958503.16,3221101.03,60,173401.53,4,Good,3,1,26,8.85,Medium Risk
Applicant 580,54,Male,Employed,2217230.53,5189378.6,48,179915.08,28,Good,1,5,18,8.11,Low Risk
Applicant 581,67,Male,Employed,1793752.68,3148110.5,84,208448.38,27,Good,2,9,30,11.62,Low Risk
Applicant 582,55,Female,Business,1206102.43,1093512.3,24,445561.64,29,Good,1,6,8,36.94,Low Risk
Applicant 583,37,Male,Self-Employed,1418071.68,1490473.32,48,795282.79,6,Excellent,3,5,16,56.08,Medium Risk
Applicant 584,68,Female,Self-Employed,565684.06,829340.96,48,182834.11,8,Good,4,3,18,32.32,Medium Risk
Applicant 585,58,Male,Employed,1020614.76,2058614.81,36,524208.17,24,Good,1,5,3,51.36,High Risk
Applicant 586,51,Female,Employed,1502707.56,1399561.51,84,443655.84,0,Average,4,8,10,29.52,High Risk
Applicant 587,43,Female,Employed,1565900.65,2401123.37,84,688559.32,0,Poor,1,2,21,43.97,High Risk
Applicant 588,42,Male,Self-Employed,284319.29,282879.92,60,128663.01,18,Excellent,4,5,3,45.25,Low Risk
Applicant 589,51,Male,Employed,2379251.22,4939967.05,36,346609.41,5,Excellent,1,6,16,14.57,Low Risk
Applicant 590,56,Male,Employed,1832580.0,2333744.11,120,455705.53,17,Good,4,8,7,24.87,Medium Risk
Applicant 591,31,Female,Business,1390548.25,523489.27,36,556937.08,9,Good,2,8,13,40.05,Low Risk
Applicant 592,68,Female,Employed,2352879.92,1369189.76,84,209131.34,27,Excellent,0,5,10,8.89,Low Risk
Applicant 593,32,Male,Unemployed,99037.2,33726.2,48,24645.12,10,Average,1,9,14,24.88,High Risk
Applicant 594,42,Female,Employed,2456958.25,3312954.58,36,845536.89,0,Poor,2,4,10,34.41,High Risk
Applicant 595,44,Male,Self-Employed,1044041.37,464155.51,60,624256.84,0,Poor,0,9,20,59.79,High Risk
Applicant 596,54,Male,Employed,551428.69,255047.86,36,171490.72,12,Excellent,1,7,29,31.1,Low Risk
Applicant 597,60,Female,Student,241200.24,570296.5,60,120318.21,4,Average,2,6,9,49.88,High Risk
Applicant 598,49,Male,Employed,1793575.0,3958611.34,120,515898.54,19,Average,2,4,25,28.76,Medium Risk
Applicant 599,36,Female,Employed,2000570.79,2480306.01,36,976308.35,0,Good,2,2,18,48.8,High Risk
Applicant 600,68,Male,Employed,2393172.46,5904799.42,60,903370.29,19,Good,3,8,7,37.75,Medium Risk
Applicant 601,39,Other,Employed,2008276.47,402516.87,36,1079704.64,2,Average,4,6,7,53.76,High Risk
Applicant 602,67,Male,Employed,1644940.52,2651895.38,120,454033.86,17,Good,0,3,7,27.6,Low Risk
Applicant 603,44,Male,Student,264327.23,427624.58,36,101070.12,8,Good,4,7,26,38.24,High Risk
Applicant 604,41,Female,Employed,1781142.17,2230202.0,24,706241.17,13,Good,4,7,15,39.65,Medium Risk
Applicant 605,32,Male,Business,1197861.93,1333196.78,60,334875.02,26,Good,4,6,12,27.96,Low Risk
Applicant 606,38,Female,Self-Employed,1622710.63,2024138.75,120,209932.71,16,Excellent,2,2,20,12.94,Low Risk
Applicant 607,68,Female,Self-Employed,593945.71,685656.27,60,60260.35,22,Poor,4,8,11,10.15,Medium Risk
Applicant 608,55,Female,Employed,1872210.8,3520004.74,60,110777.5,13,Good,3,1,26,5.92,Low Risk
Applicant 609,31,Female,Employed,2239439.6,1145064.66,12,1187896.95,28,Good,1,1,13,53.04,Low Risk
Applicant 610,60,Female,Business,1908896.34,1249506.67,120,343718.17,3,Excellent,2,6,31,18.01,Low Risk
Applicant 611,38,Female,Unemployed,145509.58,89516.32,36,24202.42,4,Good,0,5,20,16.63,Medium Risk
Applicant 612,31,Female,Employed,1955804.25,1571845.35,60,889537.85,25,Excellent,1,9,1,45.48,Low Risk
Applicant 613,28,Female,Employed,1323121.55,1863080.0,84,299037.2,20,Excellent,1,7,10,22.6,Low Risk
Applicant 614,26,Male,Employed,2223175.5,1013279.19,12,729923.16,16,Good,1,2,8,32.83,Low Risk
Applicant 615,47,Male,Unemployed,56618.57,124379.07,24,7891.56,21,Good,4,7,27,13.94,High Risk
Applicant 616,33,Female,Employed,580250.12,512901.37,60,335303.42,28,Good,4,3,15,57.79,Low Risk
Applicant 617,50,Male,Employed,928119.32,532589.55,60,481109.0,24,Excellent,2,1,4,51.84,Low Risk
Applicant 618,38,Male,Business,1469470.27,2577346.54,12,771595.76,1,Good,4,8,20,52.51,High Risk
Applicant 619,66,Male,Employed,1423235.95,409320.51,36,389576.06,22,Excellent,4,3,19,27.37,Low Risk
Applicant 620,35,Male,Employed,2105317.27,3423093.66,84,988022.59,21,Poor,4,8,17,46.93,High Risk
Applicant 621,24,Female,Self-Employed,877081.42,1583883.09,24,113259.18,4,Good,2,7,6,12.91,Low Risk
Applicant 622,54,Female,Student,171086.11,118786.46,60,9365.33,3,Good,2,2,16,5.47,Low Risk
Applicant 623,31,Male,Employed,329408.9,97675.46,36,20089.04,3,Excellent,3,1,0,6.1,Low Risk
Applicant 624,44,Female,Employed,1201426.32,1245139.41,120,447688.64,5,Excellent,3,7,2,37.26,Medium Risk
Applicant 625,40,Female,Employed,1725103.31,736216.7,84,518336.96,19,Poor,3,1,22,30.05,Medium Risk
Applicant 626,55,Male,Employed,334118.33,156333.65,120,111899.05,20,Excellent,3,6,30,33.49,Low Risk
Applicant 627,42,Female,Self-Employed,685367.05,537876.63,84,37081.6,12,Good,1,8,7,5.41,Low Risk
Applicant 628,35,Male,Employed,757503.99,666282.5,24,213977.94,21,Good,1,7,7,28.25,Low Risk
Applicant 629,58,Male,Employed,392367.94,556743.34,48,174579.21,4,Excellent,3,4,34,44.49,Medium Risk
Applicant 630,64,Female,Employed,1354372.2,2384103.19,84,397483.23,22,Average,3,1,27,29.35,Medium Risk
Applicant 631,61,Male,Self-Employed,531671.1,831200.33,48,240698.44,24,Good,0,1,3,45.27,Low Risk
Applicant 632,58,Female,Employed,1934779.39,1047158.28,120,344701.13,25,Excellent,1,4,15,17.82,Low Risk
Applicant 633,33,Female,Business,2165441.34,1290165.35,84,1076718.29,22,Excellent,0,5,12,49.72,Low Risk
Applicant 634,50,Male,Employed,1500287.4,3332392.28,24,560563.16,6,Excellent,0,7,19,37.36,Low Risk
Applicant 635,24,Female,Business,2459756.15,3650795.47,12,408122.01,19,Average,4,4,4,16.59,Medium Risk
Applicant 636,54,Female,Business,1291052.86,2841422.74,24,232642.9,0,Good,2,1,19,18.02,Medium Risk
Applicant 637,42,Male,Employed,1429410.06,1507394.35,24,565212.69,13,Excellent,1,7,23,39.54,Low Risk
Applicant 638,48,Female,Employed,2476279.06,3994535.32,12,1254153.07,23,Excellent,3,2,30,50.65,Medium Risk
Applicant 639,62,Female,Employed,809406.56,1136751.5,12,225496.85,3,Good,3,2,33,27.86,Medium Risk
Applicant 640,30,Female,Employed,2373601.07,2216905.48,36,455886.25,16,Good,2,8,12,19.21,Low Risk
Applicant 641,37,Female,Employed,394242.62,504948.06,84,207709.24,20,Good,1,5,16,52.69,Medium Risk
Applicant 642,66,Male,Employed,1282051.16,1738113.96,120,536022.46,13,Good,3,2,4,41.81,Medium Risk
Applicant 643,31,Female,Employed,454007.73,300450.17,36,134589.24,15,Excellent,3,5,13,29.64,Low Risk
Applicant 644,28,Female,Business,1904316.43,1760585.97,12,606229.82,13,Good,4,8,10,31.83,Low Risk
Applicant 645,29,Female,Employed,1638499.66,3310166.53,48,265995.77,15,Poor,0,6,7,16.23,High Risk
Applicant 646,63,Female,Business,1854595.38,4277277.34,120,732085.66,23,Excellent,3,3,26,39.47,Medium Risk
Applicant 647,36,Female,Employed,1123856.88,1154792.63,48,277939.23,19,Good,1,8,14,24.73,Low Risk
Applicant 648,57,Male,Business,1112860.25,1008291.73,24,665050.68,28,Good,2,9,12,59.76,Low Risk
Applicant 649,26,Female,Self-Employed,320244.88,207824.03,60,100589.22,27,Good,4,5,8,31.41,Low Risk
Applicant 650,65,Female,Employed,1069878.87,1883553.51,24,339405.25,7,Excellent,1,2,21,31.72,Low Risk
Applicant 651,32,Female,Self-Employed,1690397.02,1594262.98,24,610602.65,23,Average,4,2,14,36.12,Medium Risk
Applicant 652,59,Female,Employed,1134298.38,2803785.89,60,628646.09,2,Good,0,7,12,55.42,High Risk
Applicant 653,61,Male,Employed,2129008.95,2020589.26,84,1044172.34,24,Good,3,1,19,49.04,Low Risk
Applicant 654,28,Male,Student,260581.38,288336.66,12,77684.92,18,Excellent,1,2,1,29.81,Low Risk
Applicant 655,69,Male,Employed,1121130.54,1779983.81,48,499222.16,0,Excellent,2,4,34,44.53,Medium Risk
Applicant 656,46,Male,Employed,1690375.1,3454913.5,24,629545.59,1,Excellent,0,1,18,37.24,Medium Risk
Applicant 657,21,Female,Self-Employed,397825.98,509174.66,60,127623.32,14,Average,0,4,3,32.08,Medium Risk
Applicant 658,24,Female,Business,528092.88,618982.35,36,82262.97,21,Excellent,4,5,6,15.58,Low Risk
Applicant 659,48,Female,Self-Employed,325419.38,810283.52,24,99306.59,27,Good,0,9,3,30.52,Medium Risk
Applicant 660,56,Male,Employed,1578233.21,353737.89,48,292289.14,9,Good,1,1,21,18.52,Low Risk
Applicant 661,57,Female,Self-Employed,910410.02,2056297.74,12,503605.3,17,Good,4,5,33,55.32,High Risk
Applicant 662,38,Male,Employed,1505671.18,817615.44,24,353040.36,21,Good,0,2,20,23.45,Low Risk
Applicant 663,27,Male,Self-Employed,1057663.45,2123394.9,24,606829.34,13,Good,2,9,6,57.37,Medium Risk
Applicant 664,67,Female,Unemployed,83036.54,134622.37,84,28496.51,16,Excellent,1,6,2,34.32,Medium Risk
Applicant 665,64,Female,Self-Employed,1300083.79,1282206.02,60,516587.52,26,Excellent,2,2,32,39.73,Low Risk
Applicant 666,20,Male,Business,1968704.14,4350663.69,36,686324.21,12,Good,2,3,1,34.86,Medium Risk
Applicant 667,41,Male,Employed,332182.17,76297.8,36,40246.97,0,Good,4,8,15,12.12,Low Risk
Applicant 668,36,Male,Self-Employed,571225.56,412075.55,120,146634.56,4,Excellent,3,1,18,25.67,Low Risk
Applicant 669,26,Male,Business,1869118.91,2810880.89,12,195379.68,25,Good,4,3,8,10.45,Low Risk
Applicant 670,44,Female,Employed,1150564.38,1160398.48,120,451740.02,12,Excellent,1,1,23,39.26,Low Risk
Applicant 671,64,Male,Business,1757464.68,2818741.78,48,519824.32,26,Excellent,1,8,14,29.58,Low Risk
Applicant 672,23,Female,Employed,1063317.85,271628.21,12,508150.81,24,Excellent,4,1,5,47.79,Low Risk
Applicant 673,55,Male,Self-Employed,855670.49,400330.18,24,146541.07,13,Average,3,5,13,17.13,Low Risk
Applicant 674,25,Male,Business,649093.52,319562.6,24,91205.0,23,Excellent,4,4,7,14.05,Low Risk
Applicant 675,50,Male,Self-Employed,650258.08,413143.02,36,177834.35,2,Excellent,1,7,5,27.35,Low Risk
Applicant 676,38,Male,Employed,1631905.87,2050428.23,48,913250.36,14,Excellent,3,5,13,55.96,Medium Risk
Applicant 677,63,Male,Self-Employed,921402.82,1778211.62,60,406091.71,18,Excellent,1,8,16,44.07,Low Risk
Applicant 678,58,Male,Employed,2003465.9,4573390.4,48,561787.85,16,Good,3,1,17,28.04,Low Risk
Applicant 679,46,Female,Student,263146.24,558227.07,24,88022.34,29,Excellent,3,5,19,33.45,High Risk
Applicant 680,29,Male,Employed,1491622.12,973793.72,60,143668.8,2,Excellent,4,4,11,9.63,Low Risk
Applicant 681,45,Female,Employed,1968188.04,2390652.26,48,1164216.18,15,Good,4,3,15,59.15,High Risk
Applicant 682,38,Male,Self-Employed,725702.0,477981.21,48,302272.31,13,Excellent,4,5,20,41.65,Low Risk
Applicant 683,58,Female,Employed,1212936.67,980398.73,60,251044.22,11,Average,3,3,8,20.7,Low Risk
Applicant 684,22,Female,Self-Employed,1354805.4,1840039.87,24,504251.28,27,Good,3,8,4,37.22,Medium Risk
Applicant 685,64,Female,Self-Employed,848628.59,302664.03,48,93531.86,11,Excellent,1,3,32,11.02,Low Risk
Applicant 686,32,Female,Business,1594710.86,1119169.61,60,926862.17,28,Good,2,1,9,58.12,Medium Risk
Applicant 687,69,Female,Self-Employed,537327.81,1263456.37,84,78520.65,10,Excellent,4,9,16,14.61,Low Risk
Applicant 688,47,Female,Employed,1619496.89,2060109.32,84,658190.54,16,Good,1,9,16,40.64,Low Risk
Applicant 689,39,Female,Employed,2195330.16,2687938.12,24,406135.98,7,Good,1,6,17,18.5,Low Risk
Applicant 690,47,Female,Employed,2211007.21,516280.04,60,983143.73,16,Excellent,0,1,22,44.47,Low Risk
Applicant 691,27,Male,Employed,1893557.69,1456182.63,84,903703.73,20,Good,4,8,9,47.73,Medium Risk
Applicant 692,60,Male,Employed,1940657.43,4254838.25,60,815815.22,24,Average,1,2,7,42.04,Medium Risk
Applicant 693,58,Female,Self-Employed,1114787.54,645066.67,48,432509.36,22,Poor,0,9,12,38.8,Medium Risk
Applicant 694,20,Female,Self-Employed,1156235.54,1335206.19,24,625359.24,19,Good,4,8,2,54.09,Medium Risk
Applicant 695,22,Female,Employed,594031.28,138386.17,84,55390.26,10,Good,3,3,4,9.32,Low Risk
Applicant 696,32,Female,Business,1276490.21,1659656.33,120,296149.71,24,Excellent,0,5,14,23.2,Low Risk
Applicant 697,47,Other,Unemployed,101139.73,25117.9,48,18868.44,24,Excellent,3,9,22,18.66,Low Risk
Applicant 698,68,Male,Business,2408695.24,5022375.19,120,1429338.25,1,Good,2,1,34,59.34,High Risk
Applicant 699,44,Male,Self-Employed,918184.64,1925583.46,120,242551.68,9,Good,2,9,2,26.42,Low Risk
Applicant 700,52,Male,Employed,1508553.82,3034919.18,12,683279.82,9,Poor,2,4,33,45.29,High Risk
Applicant 701,57,Male,Employed,1473153.08,1254739.51,12,628445.4,10,Good,2,4,32,42.66,Low Risk
Applicant 702,25,Female,Employed,1700875.78,3615459.12,24,283441.9,27,Good,1,4,7,16.66,Low Risk
Applicant 703,63,Male,Employed,1946112.23,2819713.65,84,353119.58,5,Good,2,9,18,18.14,Low Risk
Applicant 704,64,Female,Student,106260.47,112610.45,84,21752.21,3,Average,1,6,29,20.47,Medium Risk
Applicant 705,51,Male,Business,1463193.72,2397090.14,84,404017.05,23,Good,1,8,22,27.61,Low Risk
Applicant 706,64,Female,Employed,2117018.96,483494.12,60,378689.78,11,Good,4,4,14,17.89,Low Risk
Applicant 707,66,Female,Employed,1318852.37,697422.35,48,80197.19,10,Excellent,1,3,13,6.08,Low Risk
Applicant 708,40,Male,Business,912606.6,1740591.88,84,487027.28,22,Average,1,1,1,53.37,High Risk
Applicant 709,35,Female,Employed,1740359.97,1325408.9,48,1011297.78,22,Excellent,2,7,17,58.11,Low Risk
Applicant 710,40,Male,Employed,2112288.27,3327743.23,24,502436.73,26,Average,1,4,5,23.79,Medium Risk
Applicant 711,30,Male,Business,438908.64,476538.91,120,103660.91,25,Good,3,8,12,23.62,Low Risk
Applicant 712,56,Male,Employed,2008939.06,4351469.06,84,108282.81,24,Good,2,3,20,5.39,Low Risk
Applicant 713,55,Male,Employed,2107625.45,5038394.99,24,893923.79,12,Good,0,1,27,42.41,Medium Risk
Applicant 714,54,Male,Employed,1315350.44,2936123.77,84,662926.02,4,Good,2,5,26,50.4,High Risk
Applicant 715,38,Female,Business,2463272.45,2025859.28,12,321788.53,5,Excellent,1,2,1,13.06,Low Risk
Applicant 716,39,Female,Self-Employed,1469397.93,950075.38,36,202507.27,0,Average,3,3,21,13.78,Medium Risk
Applicant 717,37,Female,Employed,2002057.64,2585057.34,24,970088.6,5,Good,2,6,15,48.45,Low Risk
Applicant 718,66,Male,Employed,1945244.86,421862.43,84,756622.27,17,Excellent,3,3,21,38.9,Low Risk
Applicant 719,60,Female,Employed,631337.83,163744.79,36,47144.08,21,Excellent,0,3,12,7.47,Low Risk
Applicant 720,68,Male,Self-Employed,586707.87,863967.51,24,230224.66,8,Good,0,6,1,39.24,Medium Risk
Applicant 721,33,Male,Business,1320778.29,1845171.69,60,290445.42,23,Good,4,5,13,21.99,Medium Risk
Applicant 722,34,Female,Employed,880809.57,2191047.78,84,222667.63,24,Good,4,9,16,25.28,Medium Risk
Applicant 723,50,Male,Business,1213530.14,806070.67,60,574427.26,28,Good,2,1,6,47.34,Low Risk
Applicant 724,20,Female,Employed,2254621.04,1789355.27,12,1118324.4,14,Good,4,3,2,49.6,Low Risk
Applicant 725,22,Female,Employed,2113519.16,974635.57,84,571064.73,25,Poor,3,3,3,27.02,High Risk
Applicant 726,35,Male,Employed,1686087.73,3895450.97,120,962645.01,7,Good,4,6,17,57.09,High Risk
Applicant 727,42,Male,Employed,2187864.87,4351588.54,12,598500.27,18,Average,3,8,23,27.36,Medium Risk
Applicant 728,30,Male,Employed,2024299.26,4233578.9,36,960549.88,23,Excellent,4,3,12,47.45,Low Risk
Applicant 729,31,Female,Employed,1243766.85,2831257.02,24,393195.12,15,Good,4,3,13,31.61,Medium Risk
Applicant 730,29,Male,Employed,742343.33,1044677.48,48,403569.59,5,Excellent,4,6,11,54.36,High Risk
Applicant 731,51,Male,Self-Employed,1047011.61,1295932.69,12,575090.69,28,Good,1,8,6,54.93,Medium Risk
Applicant 732,35,Male,Employed,1919703.54,1842724.18,48,188283.07,5,Average,1,6,17,9.81,Low Risk
Applicant 733,27,Female,Business,1260123.12,1959735.43,48,712059.45,21,Excellent,4,3,9,56.51,Medium Risk
Applicant 734,57,Male,Student,216692.98,269748.16,24,109222.83,2,Excellent,3,4,7,50.4,High Risk
Applicant 735,31,Male,Employed,507520.34,628615.12,36,246259.47,9,Average,2,1,4,48.52,Medium Risk
Applicant 736,43,Female,Employed,1945610.42,4581784.3,24,312272.88,0,Excellent,0,8,12,16.05,Medium Risk
Applicant 737,47,Female,Employed,2087969.96,5143238.95,84,1028984.1,27,Good,1,4,28,49.28,Medium Risk
Applicant 738,27,Male,Employed,1855043.28,3769288.59,12,960120.32,13,Good,4,6,9,51.76,High Risk
Applicant 739,47,Male,Employed,2427979.89,4711600.85,48,507527.15,3,Average,0,3,13,20.9,Medium Risk
Applicant 740,55,Male,Business,2118634.53,3739991.15,24,1215551.82,25,Excellent,1,6,31,57.37,Low Risk
Applicant 741,45,Female,Self-Employed,1649795.28,960134.92,24,127732.23,11,Excellent,2,9,26,7.74,Low Risk
Applicant 742,27,Male,Employed,2353856.38,790762.49,24,311768.49,5,Good,3,9,9,13.25,Low Risk
Applicant 743,69,Female,Business,2062965.58,3689965.73,12,713104.54,10,Poor,4,3,3,34.57,High Risk
Applicant 744,47,Female,Employed,1783369.45,3345972.58,36,653936.36,11,Good,2,3,20,36.67,Medium Risk
Applicant 745,47,Female,Business,312580.88,96286.75,120,126542.91,9,Excellent,1,4,17,40.48,Low Risk
Applicant 746,56,Male,Self-Employed,972029.92,2269222.34,24,57673.47,17,Good,4,7,14,5.93,Low Risk
Applicant 747,60,Female,Self-Employed,1135301.56,465046.17,12,656433.32,6,Poor,0,3,23,57.82,High Risk
Applicant 748,55,Female,Employed,968866.6,830872.12,48,72203.28,6,Average,3,8,7,7.45,Low Risk
Applicant 749,46,Female,Employed,999829.78,1746199.28,84,128662.17,10,Poor,1,8,27,12.87,Medium Risk
Applicant 750,36,Male,Unemployed,193008.69,114011.58,120,11138.14,3,Excellent,3,6,18,5.77,Medium Risk
Applicant 751,28,Other,Employed,2261763.9,740629.39,60,818243.16,19,Excellent,4,4,10,36.18,Low Risk
Applicant 752,52,Male,Unemployed,172852.22,166221.08,120,97272.03,0,Good,2,5,15,56.27,High Risk
Applicant 753,39,Male,Employed,1193225.96,2340792.68,120,496705.29,12,Average,3,2,21,41.63,High Risk
Applicant 754,32,Male,Employed,330136.81,380139.65,12,165881.07,17,Excellent,0,6,14,50.25,Low Risk
Applicant 755,47,Female,Employed,476488.94,810906.85,60,27305.04,8,Excellent,1,3,8,5.73,Low Risk
Applicant 756,67,Male,Employed,986832.01,1512935.76,24,343524.53,25,Average,0,6,34,34.81,Medium Risk
Applicant 757,48,Male,Student,53935.73,13543.4,24,16329.56,23,Excellent,3,5,28,30.28,Low Risk
Applicant 758,32,Male,Employed,337729.52,835421.92,120,109570.39,23,Good,2,2,14,32.44,Medium Risk
Applicant 759,65,Male,Employed,2316527.26,684034.84,12,207832.46,8,Good,2,5,11,8.97,Low Risk
Applicant 760,54,Female,Employed,1853548.7,4496609.6,60,790426.29,22,Good,0,5,18,42.64,Medium Risk
Applicant 761,25,Female,Employed,979703.18,1434959.11,24,320138.81,28,Average,4,9,7,32.68,Medium Risk
Applicant 762,37,Male,Employed,591818.07,1429397.92,48,278646.81,8,Good,4,8,14,47.08,High Risk
Applicant 763,24,Male,Employed,1425598.58,661382.62,36,451786.23,9,Good,2,7,0,31.69,Medium Risk
Applicant 764,66,Female,Business,311761.55,414000.51,36,41202.38,27,Good,0,3,1,13.22,Low Risk
Applicant 765,44,Male,Employed,2364510.24,1394728.62,24,961271.13,1,Good,0,4,7,40.65,Medium Risk
Applicant 766,21,Male,Employed,1212593.26,384685.77,60,175598.66,5,Good,0,6,3,14.48,Low Risk
Applicant 767,29,Female,Employed,1185136.9,1920297.42,84,627905.69,14,Excellent,3,3,11,52.98,Medium Risk
Applicant 768,49,Female,Employed,1159305.94,785895.66,24,448899.41,2,Excellent,4,9,1,38.72,Low Risk
Applicant 769,69,Male,Unemployed,32479.1,50397.92,84,4432.17,10,Excellent,4,8,8,13.65,Medium Risk
Applicant 770,64,Female,Employed,1704308.93,781320.5,84,987282.19,5,Excellent,3,6,8,57.93,Medium Risk
Applicant 771,24,Male,Employed,1912607.96,1842929.52,60,640916.85,2,Good,1,4,6,33.51,Low Risk
Applicant 772,52,Female,Self-Employed,1297994.37,2593074.59,84,116941.7,23,Average,3,7,5,9.01,Medium Risk
Applicant 773,20,Male,Employed,604558.09,728624.59,48,238654.2,10,Average,0,3,2,39.48,Medium Risk
Applicant 774,37,Male,Employed,1573448.37,2586457.17,60,297789.89,14,Average,3,8,14,18.93,Medium Risk
Applicant 775,51,Male,Unemployed,122507.21,206933.45,24,60277.39,12,Good,0,1,14,49.2,High Risk
Applicant 776,66,Female,Business,2210503.73,4731885.19,120,1104814.5,19,Good,2,3,6,49.98,Medium Risk
Applicant 777,68,Female,Unemployed,88242.98,83594.55,48,51924.03,27,Good,0,5,10,58.84,High Risk
Applicant 778,30,Male,Employed,1117269.08,1989610.2,12,364261.27,9,Excellent,4,5,1,32.6,Low Risk
Applicant 779,40,Male,Employed,1660759.53,4005280.92,36,498603.66,5,Excellent,3,2,9,30.02,Low Risk
Applicant 780,45,Female,Employed,1692759.84,3181643.12,24,786137.28,14,Good,0,8,16,46.44,Low Risk
Applicant 781,44,Male,Employed,1332427.5,1767734.36,24,163700.52,24,Poor,1,5,6,12.29,Medium Risk
Applicant 782,41,Male,Business,1274730.6,2104134.22,24,447180.0,17,Excellent,2,7,3,35.08,Low Risk
Applicant 783,46,Female,Employed,1387124.88,2637299.84,48,486098.74,17,Excellent,1,7,28,35.04,Low Risk
Applicant 784,68,Male,Business,2194299.66,3528947.89,12,217696.95,6,Average,1,5,30,9.92,Medium Risk
Applicant 785,32,Female,Self-Employed,964808.7,229966.37,120,270041.51,14,Excellent,1,8,14,27.99,Low Risk
Applicant 786,52,Female,Employed,2367849.94,1534317.14,60,1229640.19,17,Average,2,9,12,51.93,Medium Risk
Applicant 787,53,Male,Employed,1408808.28,2907888.63,12,733826.39,17,Average,2,4,17,52.09,High Risk
Applicant 788,60,Male,Self-Employed,1721261.07,1423648.99,48,180010.71,19,Poor,2,4,20,10.46,Low Risk
Applicant 789,54,Male,Employed,2132230.18,4014121.34,24,213002.3,8,Good,2,8,0,9.99,Low Risk
Applicant 790,20,Female,Business,1097348.91,1158664.92,36,213415.17,23,Good,1,1,2,19.45,Low Risk
Applicant 791,40,Female,Employed,2200011.13,3080750.29,24,1168472.85,1,Good,4,4,20,53.11,High Risk
Applicant 792,67,Female,Employed,542139.23,193185.13,60,65542.69,7,Good,4,6,20,12.09,Medium Risk
Applicant 793,25,Male,Self-Employed,1683823.12,1038613.74,84,750982.15,19,Good,2,4,7,44.6,Low Risk
Applicant 794,47,Female,Unemployed,133695.83,321077.62,36,14123.77,1,Excellent,3,6,18,10.56,High Risk
Applicant 795,36,Female,Employed,419659.65,943108.49,24,164811.18,10,Good,0,5,18,39.27,Medium Risk
Applicant 796,24,Female,Business,1717364.79,2919919.87,120,422191.83,25,Good,3,9,6,24.58,Low Risk
Applicant 797,50,Female,Employed,2443344.84,3071730.56,36,1182341.12,6,Average,3,9,4,48.39,High Risk
Applicant 798,24,Female,Business,453561.44,795660.6,84,80974.21,5,Average,3,4,6,17.85,Medium Risk
Applicant 799,57,Female,Self-Employed,1109765.95,1800932.25,12,445638.73,29,Good,4,4,10,40.16,Medium Risk
Applicant 800,22,Female,Employed,1945147.57,2932641.0,48,349397.9,9,Excellent,0,8,4,17.96,Low Risk
Applicant 801,42,Male,Employed,2082568.89,699966.53,24,921564.13,4,Average,3,4,23,44.25,High Risk
Applicant 802,56,Male,Business,1210420.42,2003785.65,60,642155.77,10,Good,2,2,20,53.05,Medium Risk
Applicant 803,56,Female,Employed,749166.43,1474746.18,12,89705.93,0,Average,4,2,22,11.97,High Risk
Applicant 804,29,Male,Self-Employed,315630.53,784779.9,24,166219.76,1,Poor,2,1,7,52.66,High Risk
Applicant 805,29,Female,Employed,1575397.55,355221.7,12,593084.23,23,Excellent,2,5,6,37.65,Low Risk
Applicant 806,38,Other,Business,1296404.35,2436460.96,60,155452.84,0,Average,3,6,1,11.99,High Risk
Applicant 807,36,Female,Self-Employed,1720553.81,2606837.62,24,490612.51,18,Excellent,2,9,18,28.51,Low Risk
Applicant 808,40,Male,Student,65151.23,78072.02,84,9021.7,1,Good,0,5,12,13.85,Medium Risk
Applicant 809,33,Male,Employed,1807869.76,892023.55,84,786769.26,20,Good,2,6,15,43.52,Low Risk
Applicant 810,28,Male,Self-Employed,288697.64,329373.94,60,134930.77,19,Excellent,3,6,10,46.74,Low Risk
Applicant 811,65,Female,Self-Employed,515722.97,523493.64,36,55795.08,28,Average,2,3,19,10.82,Low Risk
Applicant 812,20,Female,Employed,1297873.8,1163555.21,60,426191.8,22,Excellent,4,4,2,32.84,Low Risk
Applicant 813,64,Female,Employed,1300719.37,2446683.23,36,647815.19,20,Excellent,4,1,28,49.8,Low Risk
Applicant 814,32,Male,Employed,1808541.19,3276477.46,24,1021626.24,23,Good,4,4,14,56.49,High Risk
Applicant 815,23,Female,Self-Employed,1660830.2,2582169.46,36,552117.8,3,Average,1,1,5,33.24,Medium Risk
Applicant 816,20,Female,Employed,1705870.75,4024028.1,24,976872.98,11,Poor,4,5,2,57.27,High Risk
Applicant 817,68,Male,Employed,2397777.22,2408963.05,24,826343.41,21,Average,4,8,28,34.46,Medium Risk
Applicant 818,59,Female,Self-Employed,1616504.24,1229746.64,120,431291.05,19,Good,1,8,7,26.68,Low Risk
Applicant 819,51,Male,Employed,1585899.55,2709632.48,48,819135.71,17,Good,4,5,21,51.65,Medium Risk
Applicant 820,53,Male,Employed,2134342.29,1402844.15,24,685423.73,0,Excellent,3,2,28,32.11,Low Risk
Applicant 821,47,Female,Unemployed,135663.97,125424.62,36,41994.29,29,Excellent,4,6,1,30.95,Medium Risk
Applicant 822,50,Male,Student,69639.46,49902.64,48,22261.78,29,Good,4,1,0,31.97,High Risk
Applicant 823,27,Female,Employed,1929242.39,692700.66,48,994971.56,0,Good,1,7,9,51.57,High Risk
Applicant 824,58,Female,Employed,508798.57,1070129.12,24,258249.8,23,Good,3,4,20,50.76,High Risk
Applicant 825,45,Female,Business,1606982.12,1262193.26,60,436996.28,13,Average,2,5,7,27.19,Low Risk
Applicant 826,53,Male,Employed,1845808.45,2377333.46,60,430654.66,3,Good,0,6,26,23.33,Low Risk
Applicant 827,22,Female,Employed,446360.74,133740.89,84,143085.58,4,Excellent,3,1,4,32.06,Medium Risk
Applicant 828,69,Female,Employed,807748.24,1460797.16,48,294848.2,10,Excellent,2,9,5,36.5,Low Risk
Applicant 829,31,Female,Employed,2314478.91,2222571.66,24,419118.49,23,Average,3,4,13,18.11,Low Risk
Applicant 830,20,Male,Self-Employed,1205287.46,2305587.72,120,586583.63,27,Average,2,8,2,48.67,Medium Risk
Applicant 831,63,Male,Employed,841829.24,966863.64,60,267335.94,22,Average,2,5,0,31.76,Medium Risk
Applicant 832,24,Female,Self-Employed,1320553.65,858674.03,120,308646.47,12,Excellent,3,8,6,23.37,Low Risk
Applicant 833,49,Male,Student,199194.1,274948.15,24,21662.67,15,Poor,1,1,26,10.88,High Risk
Applicant 834,49,Female,Employed,1403466.54,701958.51,24,254539.48,23,Excellent,3,8,6,18.14,Low Risk
Applicant 835,36,Female,Self-Employed,1763089.81,2139051.2,48,1008671.87,12,Excellent,3,4,18,57.21,Low Risk
Applicant 836,67,Female,Business,1803598.31,1676990.39,120,392832.42,23,Poor,2,2,30,21.78,Medium Risk
Applicant 837,66,Female,Employed,1125970.44,2586925.02,84,160870.33,21,Excellent,0,6,18,14.29,Low Risk
Applicant 838,42,Female,Employed,2060161.55,700735.23,48,624991.28,25,Good,2,2,5,30.34,Low Risk
Applicant 839,34,Female,Self-Employed,1621104.1,2911892.11,12,354856.86,1,Excellent,4,5,16,21.89,Medium Risk
Applicant 840,56,Female,Self-Employed,444091.87,275482.48,120,30792.26,15,Good,3,2,30,6.93,Low Risk
Applicant 841,40,Female,Business,741216.55,692150.74,60,168797.15,5,Poor,3,3,8,22.77,High Risk
Applicant 842,33,Male,Employed,775699.42,896462.12,60,270920.58,13,Excellent,1,6,15,34.93,Low Risk
Applicant 843,21,Male,Unemployed,144418.13,330491.46,60,51043.4,0,Good,2,1,3,35.34,High Risk
Applicant 844,30,Female,Employed,1626687.02,1232914.91,36,400339.72,16,Excellent,1,6,12,24.61,Low Risk
Applicant 845,58,Male,Employed,1661781.44,681347.42,24,491914.75,10,Good,3,3,12,29.6,Low Risk
Applicant 846,57,Male,Self-Employed,1708198.61,1593725.54,48,992522.93,18,Excellent,2,7,1,58.1,Low Risk
Applicant 847,53,Male,Employed,2007005.37,884597.11,60,516887.5,2,Excellent,2,2,20,25.75,Low Risk
Applicant 848,57,Female,Employed,581461.23,288272.15,12,111654.95,10,Excellent,4,6,32,19.2,Low Risk
Applicant 849,69,Female,Employed,1064515.58,1617910.79,60,195771.73,28,Excellent,4,8,23,18.39,Low Risk
Applicant 850,53,Female,Employed,1257866.02,427768.09,84,379586.9,4,Poor,0,1,33,30.18,High Risk
Applicant 851,37,Female,Employed,1171115.5,317537.46,24,547772.98,16,Good,4,9,8,46.77,Low Risk
Applicant 852,49,Female,Unemployed,140475.55,258917.85,120,22938.74,25,Excellent,2,5,1,16.33,Medium Risk
Applicant 853,34,Male,Employed,2262164.83,2334075.25,24,995607.86,21,Good,4,5,16,44.01,Low Risk
Applicant 854,46,Female,Self-Employed,724379.77,353760.5,120,44645.27,6,Excellent,0,5,21,6.16,Low Risk
Applicant 855,53,Male,Business,1514129.7,1186031.99,120,424581.86,9,Average,3,6,10,28.04,Low Risk
Applicant 856,57,Female,Student,247352.36,414760.18,48,117919.25,27,Poor,4,2,16,47.67,High Risk
Applicant 857,52,Female,Employed,1215679.73,1013553.65,36,287268.92,28,Good,2,6,12,23.63,Low Risk
Applicant 858,43,Male,Business,669859.88,895869.66,120,241186.67,10,Average,3,4,6,36.01,High Risk
Applicant 859,34,Male,Employed,1344892.12,645412.66,120,218865.83,2,Good,2,8,15,16.27,Low Risk
Applicant 860,49,Male,Self-Employed,335594.91,521049.81,48,153735.18,19,Excellent,3,9,31,45.81,Low Risk
Applicant 861,61,Male,Self-Employed,1710694.35,1585777.18,60,134723.18,9,Good,2,9,0,7.88,Low Risk
Applicant 862,36,Male,Business,464606.65,762896.85,84,241083.67,26,Good,4,8,10,51.89,High Risk
Applicant 863,24,Female,Employed,1264604.77,2604211.01,12,201082.29,9,Good,4,3,5,15.9,Medium Risk
Applicant 864,48,Female,Self-Employed,1071315.95,1721376.29,48,568781.9,13,Average,0,4,19,53.09,Medium Risk
Applicant 865,23,Female,Employed,2467668.43,2172089.61,36,601842.33,11,Good,3,1,5,24.39,Low Risk
Applicant 866,29,Female,Business,665248.01,524355.48,48,297682.5,14,Poor,0,9,11,44.75,High Risk
Applicant 867,36,Female,Unemployed,40597.67,38692.35,24,9157.78,9,Average,1,5,11,22.56,Medium Risk
Applicant 868,29,Female,Employed,319153.52,184670.9,60,174976.37,29,Good,4,6,11,54.83,Medium Risk
Applicant 869,36,Male,Unemployed,48002.86,29603.14,60,5743.56,9,Good,3,3,18,11.97,Medium Risk
Applicant 870,39,Female,Employed,756000.55,1526054.8,120,112028.61,25,Excellent,0,8,21,14.82,Low Risk
Applicant 871,43,Male,Employed,1687278.07,1830502.54,60,541897.31,18,Poor,0,7,18,32.12,Medium Risk
Applicant 872,24,Female,Employed,783354.94,942210.64,60,74470.53,0,Good,1,1,4,9.51,Medium Risk
Applicant 873,53,Female,Employed,345145.79,540606.6,60,54460.24,23,Excellent,0,5,4,15.78,Low Risk
Applicant 874,25,Female,Self-Employed,1531258.44,2382949.04,60,871395.55,28,Excellent,2,9,7,56.91,Low Risk
Applicant 875,21,Male,Employed,1104310.54,391993.58,12,648306.83,25,Good,4,6,3,58.71,Medium Risk
Applicant 876,32,Female,Employed,1078132.71,2277602.58,36,277018.26,9,Excellent,0,8,14,25.69,Low Risk
Applicant 877,62,Female,Student,125619.76,76358.11,120,70071.62,1,Excellent,0,1,26,55.78,Medium Risk
Applicant 878,62,Male,Business,2445821.21,4556723.31,60,855190.12,16,Good,1,7,20,34.97,Low Risk
Applicant 879,67,Male,Business,674253.92,1333096.6,120,133743.9,29,Excellent,2,3,0,19.84,Low Risk
Applicant 880,30,Female,Business,2276123.74,4197784.29,36,993116.71,23,Good,0,9,12,43.63,Medium Risk
Applicant 881,66,Male,Self-Employed,1454045.16,2227086.21,84,599642.4,6,Excellent,4,6,14,41.24,Medium Risk
Applicant 882,42,Female,Employed,468255.9,109384.9,60,278152.87,6,Excellent,4,5,16,59.4,Low Risk
Applicant 883,35,Male,Employed,2470804.02,2542120.4,120,483724.15,19,Good,0,8,17,19.58,Low Risk
Applicant 884,50,Male,Self-Employed,670617.24,1067039.67,48,281412.94,26,Good,2,8,19,41.96,Low Risk
Applicant 885,30,Female,Employed,516882.44,563990.06,120,40633.71,8,Excellent,4,3,12,7.86,Low Risk
Applicant 886,35,Male,Self-Employed,1535437.06,3356471.18,60,172744.84,21,Excellent,4,2,12,11.25,Low Risk
Applicant 887,27,Female,Employed,1854686.17,1688219.25,24,96731.35,1,Good,2,2,9,5.22,Low Risk
Applicant 888,23,Male,Employed,1657881.37,1450861.76,12,994237.05,13,Excellent,2,5,5,59.97,Low Risk
Applicant 889,59,Male,Employed,643157.9,522112.17,48,315951.66,16,Excellent,0,7,7,49.13,Low Risk
Applicant 890,23,Female,Self-Employed,991668.98,957353.27,48,478676.29,0,Excellent,3,8,4,48.27,Medium Risk
Applicant 891,44,Female,Self-Employed,1459861.84,2163561.11,24,482264.4,8,Average,1,8,5,33.03,High Risk
Applicant 892,22,Female,Self-Employed,720617.1,1315944.24,60,154959.26,19,Average,3,8,4,21.5,Medium Risk
Applicant 893,51,Female,Employed,985717.62,1699284.73,12,131293.01,20,Average,3,3,29,13.32,Medium Risk
Applicant 894,22,Female,Employed,306909.99,631544.33,48,63398.74,18,Average,4,2,4,20.66,High Risk
Applicant 895,46,Male,Business,683335.48,1529032.97,12,175469.74,3,Good,2,4,22,25.68,Medium Risk
Applicant 896,48,Male,Self-Employed,1606878.72,3337457.85,48,748758.17,27,Good,4,1,10,46.6,Medium Risk
Applicant 897,51,Female,Employed,1271842.28,309788.26,60,441092.69,7,Good,1,3,30,34.68,Low Risk
Applicant 898,69,Female,Business,2465315.9,4665884.71,84,228327.68,12,Excellent,0,9,5,9.26,Low Risk
Applicant 899,38,Female,Employed,1170557.52,795181.99,48,70135.07,3,Good,1,7,10,5.99,Low Risk
Applicant 900,40,Male,Employed,1873410.2,947448.17,84,199111.09,8,Average,4,7,12,10.63,Medium Risk
Applicant 901,24,Male,Employed,920221.89,1535412.5,48,253773.54,8,Good,4,1,6,27.58,Medium Risk
Applicant 902,37,Female,Self-Employed,813904.94,761334.29,36,458436.93,21,Good,4,7,1,56.33,Medium Risk
Applicant 903,47,Female,Self-Employed,545625.28,180803.56,60,218561.86,17,Excellent,4,7,29,40.06,Low Risk
Applicant 904,61,Female,Employed,1063537.21,549368.43,24,522201.28,11,Good,3,4,16,49.1,Low Risk
Applicant 905,41,Female,Business,1503922.54,303999.38,84,460961.32,9,Good,0,7,23,30.65,Low Risk
Applicant 906,40,Female,Employed,2481900.34,5652315.43,24,617785.56,10,Average,3,8,22,24.89,High Risk
Applicant 907,25,Male,Employed,1761243.77,451972.78,60,193067.9,6,Excellent,4,3,7,10.96,Low Risk
Applicant 908,20,Male,Employed,738341.1,503362.77,120,392622.6,8,Average,2,2,2,53.18,High Risk
Applicant 909,24,Male,Employed,398915.17,461706.17,24,191773.69,5,Good,3,7,6,48.07,Medium Risk
Applicant 910,60,Male,Employed,577984.26,589609.86,60,82342.5,18,Average,4,5,31,14.25,Medium Risk
Applicant 911,31,Female,Self-Employed,1121960.56,2577109.21,24,372202.91,15,Good,4,5,10,33.17,Medium Risk
Applicant 912,45,Male,Business,1983352.72,580457.08,84,630817.52,29,Good,0,5,23,31.81,Low Risk
Applicant 913,65,Female,Employed,2368922.26,3264597.14,36,932882.42,14,Good,1,7,2,39.38,Low Risk
Applicant 914,53,Male,Employed,334810.98,590975.79,24,190977.12,6,Average,3,9,29,57.04,High Risk
Applicant 915,68,Male,Employed,1450072.31,3397382.16,84,534894.4,15,Poor,3,8,5,36.89,High Risk
Applicant 916,33,Male,Employed,1335908.18,2173327.41,48,463719.78,4,Excellent,3,6,1,34.71,Low Risk
Applicant 917,45,Male,Employed,1743321.05,3571432.08,60,135417.02,15,Excellent,4,7,13,7.77,Low Risk
Applicant 918,64,Female,Business,1531073.48,601049.47,12,129527.46,0,Poor,0,9,17,8.46,High Risk
Applicant 919,46,Male,Employed,1811486.13,1970282.59,120,277231.17,18,Good,4,6,28,15.3,Low Risk
Applicant 920,28,Female,Self-Employed,1270028.01,1346329.27,12,86182.73,4,Good,4,1,10,6.79,Low Risk
Applicant 921,45,Male,Business,557425.79,1247776.95,60,255771.53,6,Good,2,4,25,45.88,Medium Risk
Applicant 922,66,Male,Employed,2059379.41,1128856.43,36,922255.31,18,Excellent,0,8,11,44.78,Low Risk
Applicant 923,41,Male,Business,571111.67,313733.45,24,71292.4,21,Average,3,7,17,12.48,Low Risk
Applicant 924,66,Female,Self-Employed,1332722.47,1273661.2,36,679479.75,4,Average,1,3,8,50.98,High Risk
Applicant 925,49,Female,Self-Employed,895025.32,291126.59,12,120946.85,28,Excellent,3,3,20,13.51,Low Risk
Applicant 926,62,Male,Employed,1430471.62,886396.74,120,308476.3,16,Excellent,4,3,23,21.56,Low Risk
Applicant 927,67,Male,Employed,2287255.63,5535117.84,84,427573.38,25,Average,0,1,33,18.69,Medium Risk
Applicant 928,36,Female,Employed,2257744.2,2675027.4,120,575203.02,21,Excellent,0,1,7,25.48,Low Risk
Applicant 929,45,Male,Employed,2099283.87,3471468.55,60,399000.54,29,Average,0,6,27,19.01,Medium Risk
Applicant 930,55,Male,Employed,1422326.44,2659829.95,60,453612.63,7,Excellent,2,1,22,31.89,Low Risk
Applicant 931,20,Female,Self-Employed,1391171.71,1452398.9,36,381284.46,28,Good,3,5,2,27.41,Low Risk
Applicant 932,27,Female,Employed,1428373.52,769353.79,84,846473.03,28,Poor,2,4,9,59.26,High Risk
Applicant 933,68,Male,Student,267401.52,180532.48,36,21595.21,0,Good,1,5,13,8.08,Medium Risk
Applicant 934,54,Female,Self-Employed,874302.54,804806.76,24,112085.37,1,Good,4,7,15,12.82,Medium Risk
Applicant 935,34,Female,Employed,2434517.76,4048499.24,48,192458.96,29,Good,2,6,16,7.91,Low Risk
Applicant 936,66,Male,Employed,2351110.07,2623945.26,84,926837.35,14,Excellent,2,9,25,39.42,Low Risk
Applicant 937,41,Female,Business,1931525.76,416579.51,48,154483.63,19,Excellent,4,6,0,8.0,Low Risk
Applicant 938,33,Female,Business,914714.95,1284110.26,120,466542.91,27,Poor,0,9,15,51.0,High Risk
Applicant 939,45,Male,Self-Employed,454063.06,1053190.55,24,150551.98,17,Average,4,4,14,33.16,High Risk
Applicant 940,47,Male,Employed,2180347.59,4508475.88,48,741000.27,10,Good,3,1,20,33.99,Low Risk
Applicant 941,42,Male,Employed,663665.03,1392360.04,12,238174.1,24,Good,4,1,17,35.89,Medium Risk
Applicant 942,33,Female,Employed,2179373.74,4421150.45,120,313715.49,9,Excellent,0,7,15,14.39,Low Risk
Applicant 943,43,Male,Employed,1379683.01,1303222.22,48,218996.62,23,Excellent,4,3,12,15.87,Low Risk
Applicant 944,21,Female,Business,1194424.92,2341008.13,24,269163.09,23,Good,2,2,3,22.53,Low Risk
Applicant 945,64,Female,Self-Employed,1649945.71,873268.62,48,621077.56,3,Average,1,6,29,37.64,Medium Risk
Applicant 946,45,Male,Self-Employed,1185969.02,2031265.05,60,196354.7,4,Good,2,6,1,16.56,Low Risk
Applicant 947,33,Female,Business,1568550.82,2628275.84,36,178787.27,3,Average,1,7,15,11.4,Low Risk
Applicant 948,26,Male,Self-Employed,1116087.21,288855.13,12,651308.64,12,Excellent,4,5,8,58.36,Medium Risk
Applicant 949,22,Female,Employed,1116572.94,2246914.68,60,69328.01,24,Good,3,8,4,6.21,Medium Risk
Applicant 950,66,Female,Employed,2028414.83,4619655.22,60,996932.57,12,Excellent,4,7,5,49.15,Medium Risk
Applicant 951,42,Male,Student,113199.61,92263.92,24,54722.88,17,Good,0,2,11,48.34,Medium Risk
Applicant 952,65,Male,Employed,2365568.91,4893176.13,36,504972.7,28,Excellent,4,1,19,21.35,Low Risk
Applicant 953,62,Male,Student,273496.3,106536.04,36,34076.17,26,Poor,1,9,22,12.46,Medium Risk
Applicant 954,66,Male,Business,1042456.72,1647004.55,84,135619.19,23,Excellent,2,5,29,13.01,Low Risk
Applicant 955,64,Male,Employed,1904820.29,2508625.06,120,825906.06,1,Poor,3,5,29,43.36,High Risk
Applicant 956,37,Male,Self-Employed,1138495.95,1657222.17,12,459432.78,15,Good,4,4,19,40.35,Medium Risk
Applicant 957,57,Other,Business,1042828.46,2430073.92,120,501089.63,0,Poor,4,2,29,48.05,High Risk
Applicant 958,54,Male,Self-Employed,1782208.55,3928032.32,24,1008043.26,25,Good,2,5,33,56.56,Medium Risk
Applicant 959,34,Male,Student,56309.34,112939.22,12,24244.55,18,Poor,3,2,15,43.06,High Risk
Applicant 960,44,Female,Student,113161.51,93868.2,84,15358.09,8,Excellent,4,7,23,13.57,Low Risk
Applicant 961,56,Male,Employed,1444162.93,3317506.31,48,265572.09,27,Average,4,9,13,18.39,High Risk
Applicant 962,47,Female,Employed,1448296.61,614465.46,60,743275.31,2,Poor,1,9,25,51.32,High Risk
Applicant 963,29,Female,Student,197233.27,426547.95,12,32566.83,24,Excellent,1,6,7,16.51,Low Risk
Applicant 964,58,Female,Self-Employed,1415098.07,1351090.59,120,127199.31,6,Excellent,0,1,13,8.99,Low Risk
Applicant 965,36,Male,Employed,1671651.23,541073.91,60,730183.99,28,Good,2,6,18,43.68,Low Risk
Applicant 966,58,Male,Employed,1620619.21,2819101.25,24,439819.03,9,Poor,3,5,1,27.14,High Risk
Applicant 967,41,Male,Self-Employed,332947.42,243698.81,120,185126.1,0,Good,4,4,3,55.6,High Risk
Applicant 968,45,Female,Student,144132.57,109571.54,48,58754.24,9,Good,4,6,0,40.76,High Risk
Applicant 969,63,Male,Business,810522.63,732638.28,24,80833.78,20,Excellent,0,6,19,9.97,Low Risk
Applicant 970,44,Male,Self-Employed,661323.67,229132.1,48,377828.17,8,Excellent,4,6,13,57.13,Medium Risk
Applicant 971,36,Other,Employed,1519542.44,922958.58,48,292065.93,27,Average,2,2,18,19.22,Low Risk
Applicant 972,32,Male,Employed,738911.69,156517.12,60,173989.22,14,Excellent,0,7,14,23.55,Low Risk
Applicant 973,39,Male,Business,946688.02,1159164.48,24,256782.71,14,Good,2,4,2,27.12,Low Risk
Applicant 974,44,Male,Employed,821586.36,323530.33,24,64226.17,2,Poor,0,9,4,7.82,High Risk
Applicant 975,23,Female,Employed,2386706.48,4224711.51,12,771105.44,24,Excellent,4,2,5,32.31,Low Risk
Applicant 976,29,Male,Employed,2378264.61,1764511.95,120,280219.43,4,Good,0,5,3,11.78,Low Risk
Applicant 977,22,Female,Self-Employed,1195409.42,2833383.95,24,323398.51,8,Excellent,1,4,4,27.05,Medium Risk
Applicant 978,60,Female,Student,281130.62,619577.8,12,68283.92,25,Good,3,9,29,24.29,Medium Risk
Applicant 979,64,Male,Employed,2028787.82,1756350.14,36,963800.09,21,Excellent,4,4,29,47.51,Low Risk
Applicant 980,37,Female,Employed,1597885.34,3198000.6,36,785750.18,8,Average,3,8,18,49.17,High Risk
Applicant 981,66,Male,Self-Employed,259974.58,532288.41,36,34934.63,22,Excellent,4,8,34,13.44,Low Risk
Applicant 982,55,Male,Unemployed,159052.93,392716.82,84,40018.22,6,Good,3,6,32,25.16,High Risk
Applicant 983,66,Female,Employed,1845474.35,2906681.1,24,471231.24,23,Good,1,6,32,25.53,Low Risk
Applicant 984,41,Female,Employed,1653558.04,642442.34,84,220379.18,22,Excellent,3,8,13,13.33,Low Risk
Applicant 985,53,Female,Employed,1972933.49,3329770.41,120,965059.29,11,Average,0,9,9,48.91,Medium Risk
Applicant 986,66,Female,Business,1428428.76,2338985.56,24,627045.34,24,Excellent,3,5,27,43.9,Low Risk
Applicant 987,27,Male,Employed,1848983.2,3084485.47,12,286056.16,26,Good,4,1,9,15.47,Low Risk
Applicant 988,59,Male,Employed,2357378.59,2136810.44,84,593345.24,8,Excellent,2,1,15,25.17,Low Risk
Applicant 989,68,Male,Self-Employed,832497.77,1812566.63,84,90070.23,5,Good,3,2,20,10.82,Medium Risk
Applicant 990,63,Male,Business,1857868.04,4471490.83,120,734812.13,22,Excellent,3,5,27,39.55,Low Risk
Applicant 991,38,Male,Employed,1346513.2,943554.02,84,157211.55,1,Good,3,4,20,11.68,Low Risk
Applicant 992,61,Male,Business,1783679.23,718376.75,48,1056408.63,8,Excellent,4,1,5,59.23,High Risk
Applicant 993,60,Male,Employed,1978365.34,1280854.21,12,948379.16,27,Average,3,4,14,47.94,Medium Risk
Applicant 994,56,Male,Self-Employed,320451.38,668868.53,36,84801.43,28,Excellent,4,4,2,26.46,Medium Risk
Applicant 995,25,Female,Employed,1722520.98,3025233.73,12,634249.73,16,Average,4,4,7,36.82,Medium Risk
Applicant 996,45,Female,Self-Employed,601448.84,1000154.62,48,331541.46,0,Average,2,1,13,55.12,High Risk
Applicant 997,53,Male,Employed,1774071.58,1994276.81,120,629360.06,18,Excellent,0,9,1,35.48,Low Risk
Applicant 998,64,Female,Business,1330326.41,2034074.85,120,194193.29,27,Good,4,3,28,14.6,Low Risk
Applicant 999,25,Female,Self-Employed,1449006.75,1315858.23,24,374259.38,5,Excellent,1,4,3,25.83,Low Risk
Applicant 1000,56,Male,Self-Employed,441271.26,572576.02,12,226694.14,4,Good,3,5,25,51.37,Medium Risk
